SET SQL_MODE = "NO_AUTO_VALUE_ON_ZERO";
START TRANSACTION;
SET time_zone = "+00:00";


SET @OLD_CHARACTER_SET_CLIENT=@@CHARACTER_SET_CLIENT ;
SET @OLD_CHARACTER_SET_RESULTS=@@CHARACTER_SET_RESULTS ;
SET @OLD_COLLATION_CONNECTION=@@COLLATION_CONNECTION ;
SET NAMES utf8mb4 ;

CREATE DATABASE opep_v2;
USE opep_v2;

CREATE TABLE `carts` (
                         `cart_id` int(11) NOT NULL,
                         `car_amount` int(11) DEFAULT NULL,
                         `plant_fk` int(11) DEFAULT NULL,
                         `users_fk` int(11) DEFAULT NULL
) ENGINE=InnoDB DEFAULT CHARSET=latin1 COLLATE=latin1_swedish_ci;

--
-- Dumping data for table `carts`
--

INSERT INTO `carts` (`cart_id`, `car_amount`, `plant_fk`, `users_fk`) VALUES
                                                                          (13, 1, 13, 77),
                                                                          (14, 1, 10, 78),
                                                                          (15, 1, 9, 79),
                                                                          (16, 1, 8, 80),
                                                                          (17, 1, 8, 81),
                                                                          (18, 1, 9, 82),
                                                                          (19, 1, 10, 83),
                                                                          (20, 1, 9, NULL),
                                                                          (21, 1, 10, NULL),
                                                                          (22, 1, 9, NULL),
                                                                          (23, 1, 9, 84),
                                                                          (24, 1, 10, 85),
                                                                          (25, 1, 10, 86),
                                                                          (26, 1, 9, 87),
                                                                          (27, 1, 10, 89),
                                                                          (28, 1, 9, NULL),
                                                                          (29, 1, 15, NULL),
                                                                          (30, 1, 9, NULL),
                                                                          (31, 1, 12, NULL),
                                                                          (32, 1, 10, 90),
                                                                          (33, 1, 10, 91),
                                                                          (34, 1, 9, NULL),
                                                                          (35, 1, 9, 94),
                                                                          (36, 1, 10, 100);

-- --------------------------------------------------------

--
-- Table structure for table `cart_plant`
--

CREATE TABLE `cart_plant` (
                              `cart_id` int(11) NOT NULL,
                              `plant_id` int(11) NOT NULL
) ENGINE=InnoDB DEFAULT CHARSET=latin1 COLLATE=latin1_swedish_ci;

--
-- Dumping data for table `cart_plant`
--

INSERT INTO `cart_plant` (`cart_id`, `plant_id`) VALUES
                                                     (14, 9),
                                                     (15, 8),
                                                     (15, 9),
                                                     (15, 12),
                                                     (15, 13),
                                                     (17, 8),
                                                     (17, 9),
                                                     (17, 10),
                                                     (17, 12),
                                                     (17, 13),
                                                     (17, 14),
                                                     (18, 9),
                                                     (18, 10),
                                                     (18, 12),
                                                     (18, 13),
                                                     (18, 14),
                                                     (18, 15),
                                                     (19, 10),
                                                     (19, 12),
                                                     (19, 13),
                                                     (19, 14),
                                                     (19, 15),
                                                     (23, 10),
                                                     (24, 9),
                                                     (24, 10),
                                                     (25, 9),
                                                     (25, 10),
                                                     (25, 12),
                                                     (25, 13),
                                                     (26, 10),
                                                     (26, 15),
                                                     (27, 8),
                                                     (27, 10),
                                                     (32, 12),
                                                     (33, 8),
                                                     (33, 10),
                                                     (33, 12),
                                                     (33, 15),
                                                     (35, 9),
                                                     (35, 10),
                                                     (36, 8),
                                                     (36, 10);

-- --------------------------------------------------------

--
-- Table structure for table `category`
--

CREATE TABLE `category` (
                            `category_id` int(11) NOT NULL,
                            `category_name` varchar(255) DEFAULT NULL,
                            `category_desc` varchar(1000) DEFAULT NULL
) ENGINE=InnoDB DEFAULT CHARSET=latin1 COLLATE=latin1_swedish_ci;

--
-- Dumping data for table `category`
--

INSERT INTO `category` (`category_id`, `category_name`, `category_desc`) VALUES
                                                                             (1, 'fleurs', 'fleurs description'),
                                                                             (2, 'Conifers', 'Conifers are seed-producing plants that bear cones and often have needle-like or scale-like leaves. They are typically evergreen and include iconic trees like pines, spruces, and firs. Conifers are vital in many ecosystems and are economically important for timber production.'),
                                                                             (3, 'Ferns', ' Ferns and their relatives are non-flowering plants that reproduce via spores. They are known for their feathery leaves and are often found in damp, shaded environments. Ferns have a distinct life cycle with alternating generations between sporophytes and gametophytes.'),
                                                                             (4, 'Succulents', 'Succulents are plants that store water in their leaves, stems, or roots, allowing them to thrive in arid conditions. Their distinctive appearance often includes fleshy, swollen tissues. Cacti, a subgroup of succulents, are particularly adapted to desert environments.'),
                                                                             (5, 'Aquatic Plants', 'These plants are adapted to live in water or wet environments. They can be fully submerged, floating on the water\'\'s surface, or partially emerged. Aquatic plants play important roles in maintaining water quality, providing habitats for aquatic organisms, and contributing to ecosystems.'),
                                                                             (13, 'Brady Payne', 'Porro sequi sit est'),
                                                                             (14, 'tesy', 'test');

-- --------------------------------------------------------

--
-- Table structure for table `orders`
--

CREATE TABLE `orders` (
                          `order_id` int(11) NOT NULL,
                          `created_at` datetime DEFAULT current_timestamp(),
                          `pivot_fk` int(11) DEFAULT NULL
) ENGINE=InnoDB DEFAULT CHARSET=latin1 COLLATE=latin1_swedish_ci;

--
-- Dumping data for table `orders`
--

INSERT INTO `orders` (`order_id`, `created_at`, `pivot_fk`) VALUES
                                                                (10, '2023-11-30 10:53:41', 36),
                                                                (11, '2023-11-30 10:53:55', 36);

-- --------------------------------------------------------

--
-- Table structure for table `plant`
--

CREATE TABLE `plant` (
                         `plant_id` int(11) NOT NULL,
                         `plant_name` varchar(255) DEFAULT NULL,
                         `plant_desc` varchar(255) DEFAULT NULL,
                         `plant_price` int(255) DEFAULT NULL,
                         `plant_image` mediumblob DEFAULT NULL,
                         `category_id` int(11) DEFAULT NULL
) ENGINE=InnoDB DEFAULT CHARSET=latin1 COLLATE=latin1_swedish_ci;

--
-- Dumping data for table `plant`
--

INSERT INTO `plant` (`plant_id`, `plant_name`, `plant_desc`, `plant_price`, `plant_image`, `category_id`) VALUES
    (8, 'Basia Nixon', 'Nathaniel Hood', 835, 0xffd8ffe000104a46494600010100000100010000ffdb0043000503040404030504040405050506070c08070707070f0b0b090c110f1212110f111113161c1713141a1511111821181a1d1d1f1f1f13172224221e241c1e1f1effdb0043010505050706070e08080e1e1411141e1e1e1e1e1e1e1e1e1e1e1e1e1e1e1e1e1e1e1e1e1e1e1e1e1e1e1e1e1e1e1e1e1e1e1e1e1e1e1e1e1e1e1e1e1e1e1e1e1effc00011080279023a03012200021101031101ffc4001c0001000203010101000000000000000000000304020506070108ffc400541000020202000403050406060409090900000203040512061322320142520714236272111533b243738292a2c21621245363d2313435f008254451547494d1e21741566171818393b33745468491a1a3c3c4ffc4001a010100030101010000000000000000000000010304020506ffc4002e1101000202010303010802030100000000000102031121123141041351712232618191a1b1f0c1d123e1f142ffda000c03010002110311003f00fd9600000000000000000000000000000000000000000000000000000000000000000000000000000000000000000000000000000000000000000000000000000000000000000000000000000000000000000000000000000000000000000000000000000000000000000000000000000000000000000000000000000000000000000000000000000000000000000000000000000000000000000000000000000000000000000000000000000000000000000000000000000000000000000000000000000000000000000000000000000000000000000000000000000000000000000000000000000000000000000000000000000000000000000000000000000000000000000000000000000000000000000000000000000000000000000000000000000000000000000000000000000000000000000000000000000000000000000000000000000000000000000000000000000000000000000000000000000000000000000000000000000000000000000000000000000000000000000000000000000000000000000000000000000000000000000000000000000000000000000000000000000000000000000000000000000000000000000000000000000000000000000000000000000000000000000184afa46ce06608e07de256240008606dbc1bd4ada9300046efe0bf67ccda9200000000000000000000000000000000000000000000000000000000000000000000000000000000000000000000000000000000000000000000f8de3af801f402bdb7e546b278b74ab786c05800ab5e5d52557fd137f08165bc0ad59fa9abbf727f1292b3ecbd3dccbd25196cab2c33aafc43999d7236652cbbf2b1d3312c926d5da48baba765295b95258e3fb3b6c47aff0094e6f3baa63959a52fd942b78b799545a97c1555d7c922ab14e07d7151c8db2f264ea5fda228e75b30c95a3f53777abcbfc4452dba44c79436353549ec43f36dfbc5b34d1c8de3243326ccde3d536abf2aa9b081fc392b23774a755b6e04733f87bf2f8b76c4bb37d4dd25e3532ffaacb337d8bce917ea2e641f954a575526247d867e63afd3b6a4959f990ab3798d7cebcae76adf835b97b1b1893970aafa54981202bf31a495a15d975ee631825e7c9b47f82be6f530d8b400240000000000000000000000000000000000000000000000000000000000000000000000000000000000000000000000000000085e54e7725bcc4c51ba914b242927fa1b6d40ca16e4cbeeeddbfa3ff298e49becad247276b2f4b7cc61f6c9af22c772f6c858899678d9645f95958e460f6396b1b48cbd4bd4a5497c3c2c6d2c6ddcbb7d5aec7cf07f0678e09226f0f57cdb777f13112c73aedce66d797aebb77771136d0bb8de959249197d3d26b13afddf591796bfefb7ef316619b90d1beccde33782ff0057abff0017715962e548b1c6adcc6d9b5f4fa7f894a325fb69293e2fbaaac3b32b7e8cc59a269be5e676992cfcb5d7cde665edfa54c656d61e6fa557fdff002955b5159889f94a6c44ccd0f56baf7337d27dd560a8cbf6b2cbaeabafcaccdb14a3b4ab4e3b71b6ab27a9bf797f84bcd3fc656555ea538f4d92229158e75fc7826192ede3249aecbd5af4fabb497ff56db782337fbf77ec982eabb2aecccaacdaedfc3b069394bb3ecbe5dbd4cdf94d513aee2b59f06e4dae6b34b6175d7d3d5af69b1bcbbf2d76ea59158d7cfd52476597cbe5eeee5d5589a7559216e5c5b7cdaf737fbb30accc5a63fbe51e192f54ff006ab236d22ffe7eed7a597f658bd2bb6cb1c7aec53ea499a46edee52bead2cd23492372fcca5913f0697a3d593935dba7cd21715755d4a713455e38d17a55976fa54cf9db78c6b1f737e53b42d00090000000000000000000000000000000000000000000000000000000000000000000000000000000000000000000000001579dcab1cb9bc7a646f86dfca5a229e259a368d88a2959768e665d97cdea20492c9ca556f2edab156c782d79e39fc5999176e9f0523c85da2f5a685a64dbfd1afcc4725f81fc235dfe347ab374b6bf311322edc8bdea1f8326ade5635f1bb55d9635d5b6f88adf9be932ad7e3497a758ebfcde5319e7a966c2fe2472795b5ea389b6fea96514ad2786baaedcced66ea56db6fcac5467e544d2b4b1aaab754722f6fababd2dab7ca6aa7cd62eb6b0dac9504b1ccda355b3cbd957e56ed2dadcc8ae52582e2d258d266f77916caf3197bb565629f7226794acde9e78975afacebcb6f87279ba82b4baacbca65999576e67e8d7e6f9886f3d6c7e364c95c9d668e9ab49d2cbaaebfcde53cceaf16f15dfcc5591609716d24ecb0e2f96bdbdcd24d27f1319f2e4e9e65d569d4f409ef548236e72b37a4d5c19e9d2d3569963b30d85e9f2ac9f2afcc79ff1c712e432126b4edeb4eaaeb1ccabcbe6379a43c7ece572f8ecd63f2146db2c2b6f92cabb32c6ccbe65f994f372e5be4b6b1cf6475d5fad31e9b538fc2166b346c74b6cbf1a165f97e52f7bcfbac2d25ad7975e3d98f21e05ceb632af36f4eb2539a45e757d9b9df2cd1fd2779fd2a922e2487875b1b3ceb90da4a973a5abebaeca69f497a744789fefedf09d6fb3aa593fb1d39d5b686655692493a755eeed2656f05f15afe10f3a658fa4e2b8f329c4d2e7a8e1b87ecb54b0d59649ac256866d5be6e676a992371164f86e65a3c551c1657c23857256a82c6b626e66cd22c7e65d7a554dd5bd7ab89e611a7576678a3e634cccd1edf1b55d75f989676f0f0a8ad27dabf4b6b1ffbb2fa8e038e78bf3fc2b479c98f8b88a1af0ac365a39961b9337cabdaa6cf83b8a178b7056f4c464b0f6d756f70c9782acdfac5d5ba944dba6784cd2d1de1dac4aacdf4aea44d613c53fd0bca6e9f975f97ea5226b31d56d79fb492756aa23955b6e62c3dbf11a46f2f9ba7d2775bc6a236e53e3e07999a6b2cccd1b6ba312c16226b134dd4d276aaaaf56a565f18e58f6d99995765f32afd2abd4c5c8ed746b5e95965f9975fcc5d5b22575199bb9753335ad76df878337863f55ff1265fe5d8c916dcdab32c71c7afe19df5217fedfb4fa7c5ed3e9d000000000000000000000000000000000000000000000000000000000000000000000000000000000000000000000114912bf56abb2f69aaf16b7567959639f96cde4f88bfbbdca4d472893ab6c9aebdccbda73d71e463224724ebe2ff00672dbbba7568e45f310ecf59b91ccf06861f37dbd5b6acdf97a8b96523b51b7d8c8dea5fcbfb46aaf33332ecdf8d0b2c6caddcda9cda74986e96d44ebb6dafd4723c599f9b0b8568ebcbff001a4db475a16f2b1b7e25cd62717899b2d23b36abfa1ee63c49b8c78778db395557295b139e8665fecb7a4d6bd8f96393cadaedd266f519b9f6e93f6a7f84d6bd53a56e37ae99c48739814f7f5c948d0dc6ab3af2eb5a5ee5666f5772977da2e2b1b1e7b17c4d354bf6f2573190f2d5666d56455d7a54d9f06635f17e3fd0eb78afbbf585aacd0ebafbe42adf06e42cbdd22af72947da9bf13e27d996166afe0b16771b906a714eabf05bd327d2ca64ae2c71b9ac733dd7575c5621c57be716e6b86da0b93e5afe423c8ac2d0ab7316bb7f77e93b2e23b767150cd89e96cd5885572f347d4b1af72d756fcc6a38426ccfb3ce125ca719e427b7c599b666a50ebb7b8c3fde6a50ad918229999656bf1b2ecd36bcb666317acbf45ba62799fdbff5c65b73aacb5b9a96cb42db36a72bc2f6701538c39f727cc72e68fddeed76863921b11fa7b9597d4ade563a2e23c82b576383c437bde7be92ac13a89986799d3f402e23115a8c3af1246b5ed47cead34d524ea5fa97cdea3b0f6775aa3559b1ed9dc5e521aecb3525aecdccaedfcaa79bf09dcacd8f6c165a56831f73a96c2f7539bcb32fcaddac73f95ad9fc2e7a6acad26273155796b6a1ed915bb7ea56271e4ae3b46488e3b79ff6eebddefdc66b7f1387bd96c4f0dff4832933471b5556d7655fccabe9389cbe672cdc2785978920b30dcb9666b0d0c90b2f2557a5575f29cee773596c9cd83cb642dd983ef2c67b9d9a6acdb437616d6468cdd5ccd64b09c630d07cede4c370970e436b33b49cc5b8ede0daab3379998f46d317dd23b71fbbabd75a58ce415961868d8a90599a15e74cb22fe99bb7abb975538fe23831f2e42ac91e364e742cad5a68d9b991b7a7b8db70d71ddbce42d3e4ab63acc927549b56556fde5369156c46632d1d4b107b92ccadac91ccddde9eaed325af68b6a93dfe5dd335fb44b61eca72596cc5cca60b3d6edfc1b322d09a6897ab5ee5dbccca7a1e3eb59861ee591a48fa7ababbbe6e9edd8f20c8371d478da797e116927b58d9b56c4cd0ab2ccbea8e4fa7a4f5cc5643ef1a75edb41c9da3e7490f4b72fcbcbd97a5bb98f531dab14899ee9cb1ab6e1b3ab0c9226c96a5f16fb76d9babcbda7d66b75ff12fc737576f23ff00110fde3cbda05fc43eba2f82ed6e554d97b59b5ff7fd9fde2f8bc785696b4925a999a3ed5f37f94b9ef1045f0f6da4f4af531ae69a691746568e1db5d55797f9bb97e924811fb16d5787d5e1075378fed31dd675db9436a8cdaed22ea159597652ac78facadb32b4cdea91b62e296421f4004800000000000000000000000000000000000000000000000000000000000000000000000000000000000000001a7e5ab4d3a78471bf8edb46de326adab7536acbd5dc59b7146d37f685da16fe1634f3dcc5cb348b46a437e4857668e38fa59beaedd8e2d222b4f34332356bb553ed6ea8e49bf2edaec453e46a32b35c9d55a16e7372db658f5f36c588ab642cc8d03346b0ab7e0c2cdafed337e5d4e4fdadd48d3831966f193de669161ea6e9656f2aaa99735ba2b37f875df8879c714f175d8737733ed94c9473491eb5a8e3e4ed5fd1afa4a387e22cb5cbb6aa71660387f8876da186c355876b1f2c7246bb337a8c31f8fcfdab4d8dc2e2e3beb57f199b6af0aebfe237a7f88e8a8e3b018fa70fdf1998f2d343db5f1adcb8d5bf5879916bd293333dfe7fedb2d4a52baf2ed29f11e36b498ba3631792daf46bcb861fed10d7923f86cabe9d4ecb1f6b649a1b91aebe5924553cc6ce63292f03b7f46daa61d61bf1ab2d36e66d0c9ddd4de6d8d6fb52e3ab7c3996c6f06e2e7916d72564bf3491edd5276aec6cc5937cef865ad7aa750d37b53a7e32fb44c8bdbb76b9bf66b5d6787f47f2b1cf55c34ed63911c8deaf95557bb63ae5e2ac945ae3f251d2c8e1f5edc936bd5fe1fe914938ab1f8da756d62f0f6d6a6526e5c96eadc93cbdcb5966edf99958f232e39bde6d59e3f49fa7e3f57196bab3cc73516b0b1c9e16558329ab7abb8e93885b2107320bd51a365ee8dba58e5f1d1ab5ee6ede6ed65d7f29386389dabd3d431edcf86389753bec0b7dff008b8f0961957394e1d7196a6e9d97fb966fca79ff000f2af276e7aa9d1453aad886b57dbdeb98bcb923acd332b7ab52aa5a696faf8598e266d0b5c1387b2dc4cb4af5b9ecf3322b72456665e5eabcb6565dbb755ed2b7fc27ac7852a4d8bae9f1b3d756d5f9bd51c2bac319eaeb8ac7bc957892c5489b35cbe5fbd47e9f336a73dc7f8af67ed2366f8caddab70afc45abe5e9fa7b94f5ad4b569a89fce7e16e7b75f31c3c43d8ed5cce66e495a8e3e7b6cadab342bd31fd4ddaa7b24585a0b0b457a66cb58ffa1e3ff0d7f5931cbdcf6c98fb5ae0384f8520a98df2fbd74aff00f254b106732193d7df2cb72fcb1c6bac6bfb2a66c9edd35e659e1b6c86572d1c2d048d42863563d56bd76e98fea6ee63b6c0dafbc28d58d676e5d7adafbbc7d3b48a72b8d8ea2cd1cf615648f5e9d7b95bcac6bf8d32f8fc449572d5ecc91ccb22f2e6556f88df316e08b4c4cda5ab1eef4887acc75e7554e5a54556f37beb2b7ff4c99711249e1f6f8a558fe656662af82cf1d8f09fc139f0b47f6b78236bf62fa97cdab7a7f316278b1d3c0cd0f3dbc5bb7599997f67ab53763a53cc6a7eaa48717af8343e124126bdadc9db5eaf36cc6c63a767cd75bf6625522f1c7f84cab27bcd98765fd0c9a93257962eaf1bb36bf36a6aad222112ce2ace9e1d56acc9f532968a50b4d3f879962f576b31754b210fa00240000000000000000000000000000000000000000000000000000000000000000000000000000000000000000693231411c9e335cb16a5febf830a7dbf957b9bea30f77925a2d0f8ed55625f87143d2c4b1c14fde6d78b46cd2c8cdb333b336bfcabf49f2599ab3f8b3cdb78795f5db65ff3295cf3dd2c21b162bf2ebc51a5af0edd238f97aebfc3a9caf1e5d65aab66d526e5d7da665876f82ddbb32f6b74b31d4d79247f065ad620863f532edf2fab5edd4f13e3ee22ca78d9b53516bd92bcb234d4a1c7fc168f5e95d99ba756d7f0d94cfea32562b159f2b3157ed6dace23c6d9ccad3c82e426cd6171f67de97dde6d5abb374eb242a69f3d16520cd4d3e36dcb5a16d7fb3ab377799b56e955371c39c478fab89c6e7f2586b35b3d6975bf94c5d6586485be95f87229d7360f11c5b4e49f0b97a505aeee7558f5e67eba1ee56f994f3b357dc8e9acee575f2c4474cc6947d8a641ae5acd62725b59658d6c2ec70fc598b4cd7b56b19f5ccb430d7e9b70c36db9961bccabd3ac6aa771c095725c1d94e5e4a26f7ab9373249b6da16857a5555be666db53570704ac9ed1b892a4d3e4a0c7b335a926923f82d0c9d4caada9de1eaa6388f30e314c733696da0970d4f6e24d6081616f75a5cea91c9ceb5fde6cbd4cb19c7dc93669966b315b6b4cdcc9b6ee6f531b4e2cb981c9d885aac96d69d387dde955863f831c673766cd68325f75c95acb5a68799f0d95b93e9563cdcb3ee5a75ad439b56d7999f8fc5a1ce4527e14de55d5766ed5393a3159bd925ad46a4f664e676c2bb1de711c9034279eb5cb312cd5abced1d769b66556d76f2f57a89c1cb3f97b470d60eb5448572f96a94b55eaaf0b7bc4dfbabd2bfb4c7411f10f0b616f433d1c2335adb96b90bcdb6beae9ed53cff00825638e18fb756d4eb16389a16e640b3aaf94e7dce99dd623f97559d4edd8709f1b642d7b428786ef56e6d5bcb2722e2b2ebd2bb6baa98e6b354b3356c54e26c02cd5d7991ebccd6687ab5e96d8e47846d3cfed0f87658279eb538eff256bc2baf31b56d9a436dc79f0f8cb2cbb40b1accb3347c9d646d97a5b6f329bf27a8dfa7ebaffb69bd6bdf5e1c041c098bc9d9e7fb3ae28832bab75e26f3f26e2ff98dde0d6cd5bcb47254a7ad717f4336d1b1e5b9ca6d07115afd76d1b7a4f52e07e2acb4b5e1c7e5a75cc575ed8ef2ecd1fd32772954cd2f58f0c7c3aead2c12d1d63a2d3c8bdb1edb1738ab1d5331c0b716bb7dd32575699a385959b98bdbcc6ed55d8bd8aa747210ac145678266fd1f3365917eaff0030fba22adb56af3b2f31b69a655f4af6a96638b63b45bbc7669c7c4c47cbabe0aca7864f8671ddab6a081639d97a955b5eafa94da245ccf16963acab3f9bcaad232af56cabfc47917b1bb2d8fcb65316f3b5db50c6d62b43e6e5edddd27adc53f8327bcaccdf6f33a75f37abeaf4a9e8d3245eb1d48c95e9b6a1953f0f1f06e5d59e4af247dd04dd4a5c75e6bed6d7e17f09aeb5a5bd5979cd63d51b32b47fba7df06bbe3739377c5a1593f0dbcadfe562ea5b7d9c362d90e648d0d589a46f537696e28dbc3aa466663ec112c11eaaa4a5fa720009000000000000000000000000000000000000000000000000000000000000000000000000000000000000000014ecad69d1b6d6465f4f729aa9e3b2ab26b2ac91b7976f88bf4b6a5a97c718d3c9b538e49f6ea5e4ecddddc69f332c0b27229e3aa4f6bfbb555da3fabd3f56c5574c35f93658b877256e4d797c9668d645ed935d7b4f09c9c592c7d566b1b74c9eef0c91ac8dccb52777eeaec7af7b49a1905e02ca5d69d668758f98adb7c6f88bfbaa7e71cd6433397cd4389a3672596e67c4fbaf66e4c6bdaacd1af6ecdd4aac799ea3a7dcaf57c3460b4567a9e8588e1c9e8eab5f292739979d5a68d5a459355ea8f5f374f6f4955711868ac473ff004c6cd2b1e5921c649b296b03149858564e2accd4a162365939357e35866f9a3ed5365c47c4cb855ab90e15c3545fbca369a3bd73e3491b6dac91fa575305a226db9f1f3b9fe255de6267712ef38725b32516b32652fd9a7237c15b58ae4fe66d9bea365c4351725c1f7b0cbccb3624a927263edd98f1ff0064d91cdf157195af0ce6526b7ab2c9234cdf871af536be934390e3ab79ce28bd94b96725770f626db1d4e18d639b1f22b329b632756399fc938f1ce4ecca7fec361a8e42cfbb4d0b6b3471c2cdcb6235f7283aa9d95b3b7a6365fdedbcc77546d54e2087dd38ab20b66c2eab426921f75c8ede95ead66391cad6831f4e4b38dccc192afcc92bdb92ac6cbc9f96453cbbfa69a57711b8fef8736c7358d4d5cbe6a5db6d9bb8e35b68a4b1b2afab63aab3979536d60824f543347cc562ad18b85b30d37bf2dfc04cd1fe3556f7cabfb51b7c45fd9662df4f10a9d470748b3d38fb5598ee1ab56923666c841043e6639fe1ce0bc87b9acf85b34b3f557cd464fcd1b75293641278a692292a4fceedea8dba4cf92b359de9d57513d9b4c54f84a39cc3e43256e3a1cbbbfd9a668d961b8de5e5aff33749d471c53a93e739accdce8f6866565fc4d5bd471b471597cbedef951649355f726b1e69a3ea8e1dbd2de93aaf68305e8f3d36423959966e5cdc9dbcad0eadfc4a6b89eaf4df77b345f8d6e1e37c7b17bae71b55fc43a2f65987bf9d69275d61a74ffd6af4dd31c26eedf06d2b355788f8b6eb62387a1ffb45af96335b738ddb2dae3719421c560aa74d3c7c3f9a4f530c55e9c71393f2864987a4a642a2d3fbbf13b2d3f3586fc4b1f337a57d2a63732f3bd56ed6997ba6d7a5635f337a98e7711695a1ee5d994dd412b72e38d63a5247b2f7799898bdadf82cc7b998d2c70d67b86f2b9ab988c5f2285ab10f3a458d797349d5d5b1d84572059b6b4b3ac3f871ab47f0ff0031f9a73dc4b9faded1a69da5a95b1b56decb32ed234df2afa753f54629a39ed34736d0b588d66555665faba7ea3663899b44ccf2d19e9d129e0cb78c7e0a90d7f065f2a42bff0088b5e36ecceacad899597cdb491ff9886ce12168dbecb0d1787ccaba957c695eab1fc681eef82f87743332b7eeedd3fb3b1beb192bf7a7fbfa33b64b7f94be11352bbb2fa6366fe2268efabf8ebe156eaffeb6858d550b92c9e3ac4d6e193fbb9356fe16d58dd549f98bd5b6df32ea5b5dcf944be25a864ff46ffb51b16802d4000000000000000000000000000000000000000000000000000000000000000000000000000000000000000039bb6b66c59b105559a845d8f6fc35da4eaead57f9bd4c678eab4a0aec9047f6556eafb7ecd9a5f1f9bccdfeea4b378785eb92f844ade1144cab23ab32eccadda4b46cc9afbb5758db5fc3d9bca55c6d2d1fb459ac37076524b14a3f1a91c5b347237549ab29f9bf0bc5dc4525e9a5eaa58b91b98ad4eb46b1cd1aaf5757e237d47e82f6ad72ed4e03c94b937a71d565559395b336bb6cdfc2783f09d38333985c8539efd4a74686b8a926d5a3b91b6dd5af98c3eafabafecc7686bf4da8acccae4f3e3e7aead1ceb3ab36daebaeac5cc2eb9ac5e4383bb6d4db5cc67cd6235ea8ff00f8919b65e1a82e575f759e3a17997f05bf064f9559bb7e9638bcfc177019559f692a64a8c8b346acbab2b2f69e1563a6f16b7661b4f3bd2c7b2bb32e238078ab8a5564e75a9171f41561da4665fc4555fdd528e0e7f7bcb64a7b18fb3feb7243661b9f0f565f2f317fbbed3b4f690b90a54fefbc4c35a9625ab358e5d7ea5af719b6b1b7cdb1ccf0bf0bf115cb189a9c86a1376c37236d6392bf76cdea6537e5bcd29d158e78d35e2b745370b93e3f1f1559b8996b505bd36d571cd1ab7e27e9265f56aadaedea63958314b5766859a0e9d7e1b794f44ce710dd8b39cfc1b566ab4e3f73a8b6a1593a7cd27d4cc71b908e7b2d249cad599b69396baab337a57ca61cd97731112a72e5f7277bfc9cee7b1ad8fb4d5a4656917b9636e6772eddca57acb0363e6685576d5bcdfca5cc8631b92daaeaa5783e151920e52f69cd2daecae350e8b80b9912c2cbb2cdface59e91478978896baae622a97e8f956e7549fb2cbd4c703c0f7229618564897f0cec920acb0fc3556e676f4ebb7cbdc7516b476e16e3e786c30bfd10e28e28aab4edf10d09a8c9ef0d8f593e0c9af98f408ead4cab46f63130c97a3eeb1276aebdbb7ca795e7aed3f669464c9f8506cb716c91b7231eb3f4d55f548c75dc2fc4f90bd83c86424acb43258f9a386cc2cdb2eacabd5a9e9e19d53edebf18596dcf3bdbcb7db3e572190b0bf7b6cb347f871b2eab19cbf0d47ac334acabac8ca7b871cf11ed8c64f74c4e4f65ff66e51768e6fd5c879ee065e02cc7ff8773bc3537a69cdef10edf4b192b5acc4cc5f7f565985ce1e6e6edcb655fa8ea29e179f0c6d24f1ac8addc4985e18c5c4bb63655bebe9e734327eeb1b0c8d5bcb4d96be3f9137a47b7358dcadc71aeef35cd71063f2f9a931f0c0b2430e6161e657a0d1ac8daecd1b48cbf887e80a6bff0011d15abf89eef0ccbaf776f51f9e7895b28d9aa78ff7466e5b49274ab2b496245ea68fcaccb1af71ef9c0767de78131b2cdb4762ab2ab2feafa7f29bfd364ae4b4d263bc7f7f95fea2dd5a74305f4b51c3b32faa455f57a4b1e3e33f87a7de1bb57cb1a9adb161abdc86df849172a4ee5f4eddadfb46d68491cd17317bbb64fb7b95bd2c7a18ed33f67cb33efba42d0ac532249f332f98b3122c6baa9990c93c29dd22f8317f6e10981f15bed3e92000000000000000000000000000000000000000000000000000000000000000000000000000000000000000035725b96af8bf84d0eb1f86de3e0df67d8bfbddbfbda942daf534f26aaaddd1aaf52f9b625bb9d5ad6248658793af9a465d5bf88d5cd699f65af8d9615ee66756861fa995ba4a2f6acc25cbfb669aad3e0e83ec812df8d89f5f15b92eb1c9aab798e3b845aa710e0e1b6b8bfb9f6adcb66a76e368d5a1e9d5558d87b77b988b3c130adab77ea51f7bea929af576fa5bb94e4656c461a1871b1f75a8d66e743516387565d9768d7a558f2bd4deb133333e3b3660ad66b3169d7e2ea3eefa93af229f1452d9bcb715a3fe2ed31fbb788b786a71370cff0048f070fc486e539166b14d97b796cbd4cbf2b1cee0f1b9bc86d153c5db923f572758fead9899b8722c33359bdc7f5301e665a323589bf87a4f3fd377df46a3ebc7e92c73c4b7bc39c016f2182cd70bdacd4d7f03969d7254722bf06d53b5b6ccb2466cf2f8f9f84b0b340d7564bd73fb2c36161ff5787b9954d9f09e5ea78602ae42cdbcadbf0b126b56e66dd619ac7eae35f29678c73382c94cdc2990cbc14b20daccbe6d597d5e93d4cd4de29e99e7c7e6eb7315d43cfeb3aac2cb61a7b3e9e5f2d4d5e56cc716cb0ab7ff0010db6670f92c46ab797a5bf0ec46db4327d2c73f722e6f749b37a4f06771f66d1cc2a9e6352e4f3591678648bb762be3e2acb8f8e75b7cfb53332c95f5fc3d7b5b626cf455a38e4e4aecc53a71c92ac712cf1cedaaac6b1f56bb797ea2dc71c762bf8ba2e02a92cb1c717ecea7ab5689b0df831476731fde6bb4747f6bcd27e53cf781e55c2acd5a1b2b3e4b98dccb0bdb557d31b7abd4c74d4d9a256955765f4f72fee965ed14d7cff0ee9adf2d2f1ee2278a8dcb76320dc9b1b34d337c6917e6f2ecbfc4741ec8b5b95d5ef666466c8505c7c94e68d97e22f4ab32f72b1cbf17e428fddb61af609b294ff49ef1b471ab79563d7b58dc41735868c187c7db921e4c73739acf326864ee585a46ee2cc7931529d51dfcbd1a456d59df108f8ce256a31afc4da16656e67a94d3e2ae54966db1345a85555d563dbb9bcccc755c71adbe75955d56c46b617f6bbbf8b6391e1a92358da28e08f6dbfbbd8cd489acdabe1e66e7b43d13036e46afaf3d8dd53c8d96b4b521655fa9ba4d7e05196ab4ab041afccbdcc49909ea54c7cd3dea959997f471aeccdf4ea6d8dc6ba65a31d6d3ad4edc9f11c584a7c491e4af67567996dccabeeeacbab2aaeb1f2fb76dbba4e93d03d9ccb7a2c5cdb4507b8d8939d5a6ede62b7731e12b97c4f12da9166ad3cfadb935f836248616d7a9a4d557e965f2f98f76e09cf419ae155fbaedc6deeff07e5e95ea5354c5eb922678f88757e753e1d64f3d67aed0341f0e6f86d24cdaab12d059e476899da4b11aaf33c5b68d5d7cbb79b628539e4a9e0db4324365fb9bc3f9b6ff00297636b33b2d95b10731575db9ddabe6f2ea6fa5a6ddf8950da2d39193e3596fb3d30fc352cc15a08175863552824396f35d8f97f2a6cc6c2059123d6493c64634d61ca6001d80000000000000000000000000000000000000000000000000000000000000000000000000000000000000000d3bcbc89dda283949249abbf2fecd9bd450ce4b1a490e3d64692c58ea91bd31f9b5363c4172b63b1162cdb56923f05fea8d7c7aa46f2aafccc69f055becb7ef772144bd22afbcc6adb752aaeaabf2ab7f114de27b4261a1f6b3c3f526f67d3cf731f05bf1a8eb61a26f1d76f2ebb7a7563ca3d986620b98bb95abe2fdc2f53e99239baa46d7b5bab6e93f41f137db7b0392a0f4aceb35692366d57cca7e64c670d5be734ff7841664d7cbb6b37f87b37732f994f3fd77fc7689ad77c7f0d3866d359af87519359ecd76b373217efd787f139d3333576f997d2de5629bd1c370bd75cdf1441cfb0cbccc7617cd27a649bd2a5ead3dbc2d75b722d69f310c6dcb5dbe0d756fef3d4df2f69ccf1563befeaf7389b12d34f347f132b459b99357ff001a3f543f94f1eb4d5baa79b7c7f966b70d1e3f88f3bc59ed6b176f29679f34932c31aafe0c2bb2b6b19d465e9cb27b54e32c87e876b9fc2ab19c2fb37ffed63857abbb2719e9181c9fde0dc7194997b63997f7acea6ab4ef1f3de677fa426263a58e072f94c3556a94f215afd3ed92ac91b490c9fb2c3215b1b905db1bb626d79aad893685bf572797e963571e4e3587b9be9d7b4a366f73598f37ddb76d70e26627b435b9ca92c6ad0585923917b9646ea35b8c91649b5aeb22ebd3249b777d3f29365da5915765624c0ed04cdb2ea7759e2746fc37dc19aa642d76ebcc3bcc6478db5b2dc81b6f52c7b2fe6387e1e68a4c95ed5b56590ea2b56b6cad1c33b6bb7d3fc43ab53db6b31776c323cd5c5cd531b05292f2c6cd41665665d97a9bea6d76d7d26a781658325c277b1f92a95a85caedc99a1dbb976d55b6f33318dcad1603318dca5ecdac1acd1c8bce5db97af779ba95bb7d46c2cf09c18fc85c9f1f6fe1edcea5b76b42ddacbead7b4d9d793d9e6bff009a6c99bf4ea7b7d58e6a455c0b41db253935fa558e4f82f113e4f21ca8e78d63d5a69a6f2d78d7b998e9ae55bb6a45a8bad99af2f2638e35d7abca6bee4f5b1cd370be1e459d63915b31723edb5617f46bfe1c665f4f4deed6ed1c7d7e3f679f3a7655a7825d56bab41561e985645eafa9be6635390b366b4d627af2f3d618da491636d75d7f2afd25ac7e4255abb6bccff1194abc4366dcf89b5eef763c5b347aac868b4c5e6373a5d86756e5e470657882cdeca62e3682086f49b346be56ee66565e9556f9bb8f66ff00839e335c2dee77e0ccd1fd51c9d5d5f2b29e5fc1d9fcde416d4fc40b516c349cb5f7385618e38d7e93dd3d8f68dc2565a2446864b6cbdaddcbab2ec5f83a2dea22b13bd44a72dab36e1d9d68acfbc495d6fb56b0bfa3d55a365f954b5173fc5fc7c2dd2ab33af73c063a4572b559e076e6f7ac88dfbdb16b05656d52df4e5ccadacf1f8f964f31edd7bf4caa63e18f5d76a962c41f2edb2fed2b1344b7e2fea668ecafabb58bc0b62b11d90c236d97b594cc03a00000000000000000000000000000000000000000000000000000000000000000000000000000000000000001c9e53c1e7cbf8da9e3665a9fd7460ff4ed276b4ccbf29bc86ac7e38f58b68ddbd5dcbb1aab13f85acc6f352b53d6adb2aa2c1b2b49dacc7db1e3e28bcc5a5761f1fb3fab92cbfbaaaddbfb257be7729eebb72caae3ed47619636e5b2af33e93f2ff09e6b1f4e6d7ded96d49679367587e1ecbdbafa59bb5a43f427beb78c91fbd47ce6ed68fbbe6ea5eefde3c1f65c571466ab7de1899f1ad7e6af26d1f2e6a7e6e5c8cddcbe9d4f3fd5da66bbaf1afeff00869f4dadcc4b2bd2d9964b13fba49595bba1f49c64998b18ab699ac46522ab76a49f643e1e3b733f77cca7a3d6c7c12c2d057b385b3e96e6337f0a947ff24d94c9ab4bf7a61e947ea9164d4f0f161bdafbad59e789e5aee14c5e1b8b78c313c6bc3490633238eb0b6b3983ff00fd154def0acf8fc97b3dcc3362d717b2d7af32c327749b6dfbdead8d5e17d9ed0e15e26a39db1ed330e93536693975e33db27a78db785b55af63e2e4d85e7374ac72379b9cdaf9bcc7a96c737a6a6353cfee56755d3c2569d48d58d6ded628d9a3fd93b05c370dcb1b6bc57664f99b18c69f2b81c36acb1f13337d58e90f13dab57cc7eb1fed54469c2cf67b8cb1ef2b49dcda8c9e2a08ed7c3bcb657d4d1b46518a5d249b96db7cc5d8ebd5098ece9b87a565cd588bd4aac774b72daaac5ef2d22af746d26bb7ca79fe0ed699eaecdfa4adaff11e91856a96abb411d26b322f76abb7f2b1378eda778e376d6dc5de56b99666cb2b4146bacd6156385baac2afc155f9b63bcf6739ac8713700e2f28d8fb6d94a3b53b747ccde68da4f49578c71997b2d4eb53cfe0b86b16baed34df1aec7b79618d7b58ebbd94cb86c6f0aad4c1e49b2cd0b37bdde921e4cd236de653d0c58fa6b15eadb6dadd358d46f5e5525a798a5879bdc6058b3d9085b99699b587130f9b691bb58e23872af0de29bdda3bcb9dbde691768e946df2f9a63d13da3fddf2e17c7dfb0b95cc51aff1278e8dbd5a3f9a484e1783a5e049e1e7d1c16621dbfbec9ab15da95acea3c7cffad3179e1d563eb7de326d25b58e35f36bd2bf2ebaea6a7da8495315c33c9c5e3db3196bcdeef5a8aecb349231d24116216bed5e0bbcbf57beaff94e5f8a33d84e15e74b45adcf9eca2b558d56dc7ccaebea8f65db63aa5222df6a2277f8b4e3adbbf4b95e05b58dfe8ada9ee706cf89b1249dcd6f9937a59995bb54f5cf636b056e1ac8d59176ab35df87f374a9e134f030418d5bb7aa66208636e5ff0068beadeefb79bb4fd158254c52478fa08bb43174b6cabaaf97bbf31c527a3d4f5c46b8d71f8b8c9136b72e8f0d2342925668d6168d5599a5f4b185d9238727eff499a67f0e9b90c2be2dcc5f2b7d4a49056bbe1e1b58a324d27a9ac2976396dc51eb0e2755f4accaa7b949dc44765492bcb6ac782bac71c7137874b336cc5b5edf5142a3598a365f71d7c3d2b2a9722791bba1d4be25ca6001d00000000000000000000000000000000000000000000000000000000000000000000000000000000000000000d578d6bb23b787bca410f8b37442bd5fbdea229eac557c76b4ad6206eff193c7b5bd5af69ba219de3f08599b56539981abc8451d8e5d281b971b7769e9f36bf97f68f0bf6e789c7f0d6721caed420af9478d6c4cd4b6f8cbdbb7d4a7b75191a24f0b5e11782a585d6368d7b576e9e9fdadbf87bbbb99f6c9868ae7b33cb78ecd3347adb5edee56ee28cb48bd2770b71db578dbc7bdef2f3b7ba47c56b5bcad1aab53553cd78c62b2d6a66b99296eaedd5b596917f7bcc77d4e9d96a2cd98d5ad336dc9d76d97fcca7239a8edb5855a7048d6b98ab1c71af749e53e5a6f68bf4cef7f53246b888e5d87b0bc0e3f1f94f7bcd40ad72baadc585b5d71aadd31c927f8d376ac65ae01f68597e36e3bcf70ee4a93d78728b62bac6db6d4597f0d58e078fec263304dc0346cf3f9337bd67ae2ff00caaf7a76f4c643359cc64db0bed3302fa65aada8e9f127eb957686c7d336bab7cc7b18a2269d30e717dee9974106627d6356f87376c8bf32f7132e4279e365d8b5c518fa8bc6190b74d57dcef32e42b7a75997621d6043c3b522b69afc2b98d395c9c765a4669194a7464d6668a43759e9225d8e769f35ed49d4ccba9a314713c3999d3b4c0ac4b96ab2431c1f81b7c45db5ea3b8f739edab364b333ad1863e64db372575f56bb1c1e316482d519d97cad19d35382dcb69571fb2dae5b6b27276d57cdddd3fbc45a7eec77dfc2fc3d3d51d51b79dfb52b780a73372789967dba6957ab6f5693abd5aea7a360f1f4b1fecaa6a30e6d997259568564b5b48cb1c3dd1ecaabb7c438dcbfc5bd6279b1b42cded564b726aacab242db2ede5555fdd3d1acd49d6ae1f1b61a0ad569e3a3eeed6b126d249f4b1b32de230eeb1ce9bb3ef511e16aa4198bbc1b5e1a79b8a0e22abf070d7abcdf12d2af5354628f0e712d6c8535b396823a590eae64d4ea6bb36dd5ce8fb76fa4d2fb48db1981c1d1a7b569955b20cd1f4b2c92374b7d5aa97bef5ad97c1af125a8f5ca6abeff005ebc7d533336ab6563f4b3777a58af15ad923511cc6bf879fbdcf0ee96e52a789fbcaf64205aff00df49ac71ff00998f1de3af68d82e23aad4a8d4a56e8d8d5a1b91ab2dae62c9db1b7743f51ade3fc47125cce6424c94ab072618e9c6b1fe917b959be93cf78cdb298fc2c73d1c5c0b456cfbaab4d6da4b1249f2fa7637e3c7a8888e25b6b1d113b7b163f396f215f0fc3b363e3d5adc71adceaf8cccdd4aacddc7e87c6f833f85b5b08d615a569a36857e222f9597e6ead4fccdecaf1b906e26e1f6cd4abb2c91ac75d599b92a7ea9bfe33c79aad36be11f3a368ffafab5d7b76fa8e3d2d377b5adcf311f93366fbcc61c849475d9a3b155bc7a664edeaf57a58dfd6b50d956e537f5af72f9bc0d4ce90df676f18395e3e3d133b78ffa57ccacbdacbe5ea2945564acccb5e492c578975568fbabfd2de65f94f46b1ed7113c2aeeeb01aea7cc76da7939cadf86cbda6c4d31ca000120000000000000000000000000000000000000000000000000000000000000000000000000000000000000000073b998a3bb908713e0be0cb22f32d7f57e8fd3e9ea63693e3a199b691a7f0fa66629d6c356f0f0925b1f6b4b237fcfe5f2a9c5b73d8457ea5ef0f1696265693c7bb5ed65ff00123f31adb92cd90c56430f244d04d72b490aafcccbaedd46ea7c7e36b47b4db2fed1cfe6bfb1f26eb7c05693970c7277492376a955e662369788e0723fd87911db5b2cbb42d0daf86db47d3272dbb5886ce47058f9befb916ed0b4db475a6aff001b97fe372db5ed23e36c0ae1f8e2c52cc63fe0e536c9632c2c9aac6adf890b7a9b6fcca431361a7bcb064b1352cab47ac7cc924d5755e95d558f9fcf8a699b53dfc6da327dbbc4d7cb91b5c14d936db87789b0b7e46edab6246a363f766ff315784f19c57c0bc6cb071270be59307965fbbf26bc86d6485bccb276ed1b7529b4cf717e0acac6d3705e02cad78f971fbf2c8daafef1ea9eca727c40d16ebc2783e15c2b41ce6f09adcdcc9235fd22c2cdac71fccc6ac1d31f75444562dc35b6784b3e9569e3f253c73357e657fbcb5e5c725556da391bd2daf71a7caae3e25f74c7ab7bac2db34ccbf12c37abe55f4a9e81c43c43473fc37263f1b656edec95092e6323ede746add4d1a9e42b65a75d9798db29e7fa9898c9b8f29c9b99dca8e61605599a381a4d5766d57b57e63478f656b8daaf49b89f2390a94ef56ab67970d8e9923d7bbfca68f15234536cdb6a4e3edc2b98ac6b4eb1a568ebd797a758e653acc7f12c1596c4592839f5dab7746dcb9363958a4ad2e3d9ac2c6bac91ebcc6d4dc4192e16c7d399b25655b6eaf738f699a6917b7ab5d94577d71af0bf0d67aa39493e2b21c4392c5c1c33c5f8b9f1faf3beedb90f2eed88fcdb49e6fa4eaa05c85cca4d1c715de673be353923e5cd5d59b556656e96555f32b1f9feb71be3a97164b5b879b2132cf14d5fc28ac8db34d374ebaf958fd25c056eef0d6368e133592db29374c34d99a4e4eabf86cc6bf515b5a222dc6dab25ab113113b723ed6e2c96438a2d63f1b8bbb6ec6ab1c70c30b3374a91e4787b8ab87703567a79ce0de1b65857ef1932f579d7797fdcf4edf0dbb753d2b8cf33926c5da83175befab50c6b259a30d96af62487cb247af729f95fef2e05c851bd497d9f6620bd6aeab490c79cb0cdd3dccd232977a2c1edded6dee658e2396e3c788bd99f06d1fbc30f3f10f10c6d7e66a5fa1af0c9ff004791baa6e9ee528e2b88fda371b4df7de3f842852c6d5665f831aacd27cbcc93662f672e2c6cbc3b47d9f52da1e5c9ee757569a45f2b32aaab6ca55e1c6e29c857b4b5e7b31b627e0ae3f568da3f57317ccdf51aef92b13f2d14c76988ea775ec670dc5ab7b1ab9ee4fc4bab61abd7eea7ab2b3757d3fc47e8a9eea4f1f36ad6f158e2937e6f997e6d97a57bbb4f0ff6036b216b25906e448d56ad2669266ede6336caaa7b1518a59638fdeaef2fde97a59555a366f4b2f72b7ed187ddbf54cd63eccffd42abead3c4edd7c149b455b1aeabdb1c7da5e5558d755d5554d0ac19a5855e1b71cdd3f32ff0b6c675ac6753fd6a255ffe0f33f2b1eae1b447ff00331fbfefca9d378a8abb6a666beb4f6e446f168e16f955dbf994bb16df6752ea6989da198009000000000000000000000000000000000000000000000000000000000000000000000000000000000000000011bbac6acd232aaffcfe26b3c6e5bbbd38e8f587fe932ff2af98bf2d78e56da45db5ed56ed2c1131b1a94ad5a8787bc4ecd35866d5647eed9bcaa7359783ef2ce73ec6dc9aacb560f96c49dcdfb2baafed37a4ec7ddbedb9cf76db55f86be93476e046e24a34239b5f08619acb7ed74edf56cc7331b1aff6b1c2b171670a4b4e16861c8c5b4946593b77f4f8fcac7e60a78aca471d56b90473d7d9a1b6db6ab5d7cccccddbab1faf65c2d66f0ff434b27f79348cc7e77ff848e161e18e21ab998a793dcf25e3d55fcbcef336bf3183d7e0eaafb911cc3ba5b4e3929fdcb98ab8fc0d4a17f3cd0f39b2d90ff52a31ff007cb1b7a57f48c727ed238d5ae61ef70f617217ec635be25fca5cff0058ce4dea93d30fa612d710e4da7c3b61a9b32c3cbdb6f35ad7ab92df2af954e0628fef3c953a31f75ab30c3fbccaa62c378e35d8bf7dc767bb66add9c7e4b175a8b2c1638770742169b6ea56d559bf898710da82e42bc454556086e49cbbb0af6d7b5fe593b94f3d9f358fc87b5ee2a9ef4ed0559afc9c99a38f668d63f87f954e9ab49528b4dadb6bb8db8bc9b71f2f97b2f9597e656ea532faac7117dfca6f1b88d39fe21b7ad86f4b1adc64bcd593a9b62f67a282adce5da659e35f4b6bcc5f94d3d6b312cdac7e618a8a5d941cf97131aed5b931c8bf2b7d5b798b9f7371264ebb6371b073d7b5b9322c7fbd21a3c665e4a98968b98d1aac9d45eb3c4b2e571f630d4e76a94e4adccbb34df0f6fa997ab5f954ea29369886ac1d33e796c20c87f43ad43070ad4a13e7ad76e42bd4592bd3f2b56aff00cd331bce136c955e3ec3dbc9545c7f3afaaf2567e67cada9e5bc2783c7e1f3546e57cdc94ad55aead0acdb588e46f975f4afa8f42e1ae219e7c9515b59292daadf864da4fa8ebd44463d6a772b335a22bcf76cb3d2cecd0ad3e6ae73856df3215864d649a8349dbb7f86dfc2c7498ae259f35626db1f8ee1fcf58ea8325243ce864d7fbe5f57cca79ae3ee2cbed533165b665af35ad976eed9b5d4abc7bc4f89e188571f5f24b6f99ff23b97fe357f4b6ddc5fe9fdcdf4d1c56227769e395ec863f89b87b88ac2b5b5bad0ed373af50f8d62693ccb27e917d2c6f3199ae209703336497175a4d97fb3d38797b3379a4f3349e9538fe0ccbd28b1b0d6c96660cee176f7c9a359a49969c8cddb1b772b7ab56d4f4ef64bc3f87bbc578ec8509e6bb46adae748ad1aab46db7c1d8bb25efd5ed4779e137b6ab1f2f52e06e1a6e17c263aa7ba24976d7834f6a26ede674b2afeca9b9e1daf5ad497a9346db5793a5645d7e1b752afaba4dcff00578f156bff009929edff00bda435fc42be35388f17918bc5539ecd526f1f56dfd71edf2ec6c8c35a6ba6388fe35a674ed5ece2f6b114ade3079b65fcdff84dad4b6937fa5746ff00f66fa5bcc59859bc635d9746f49ae6a9255979d53fae3f357f2fd4be92ead3dbfbbd91ddb504504ab2c7b292972000000000000000000000000000000000000000000000000000000000000000000000000000000000000000000000073576d4de36648bc2dcc9ac8ca5165c949b72f37fbcb27f2b01d99a7c7c2edc4393bb2ff5af82c75e3fa55766fe2639e6a9c40ddb9dacdf52c843f767112f6e4317fb31ebfca076b7e696187ed82169a5f1ed5385f687c2d065f84a6c3ca8b7f2d7a6578de5e9f0e62f57ecaebe1e27dfbb38afcb6e87eceaa63f75718f3b65b30fcbacca736ac5a352989d3f20f142d6e7372765685b5685a3e5b4722b6acbaf72eadea39fc7dc83fa7556f6aab0c367de36d75db96bb769ee5ed3fd927b4ae23e289b298dc35058ed7558dafc7b73bd47173fb02f6bddcb82a0cdab2aeb938cf1e7d35f1db511b8596b57531afc5e3b472f6f1f96ab945e99a3939ccdeadbb8f485c85968da592055565fd1c3cb5fa8ad3ffc1ebdb178f7709f87ecdf84eaf07ec9bdabc5848e9dee056e72aebce5bf093ea3d3ded589887159dd7a5c3ce96720d63565f830b4df11b5d957bb535b04bcab11fcc77b77d8e7b556ece0e9bfed309af6f637ed6f6dbfa156bff9f094e2c378f0e25522b303d165db59396db7323da35ff310db58e2c1acf0e3d6fdcb4baac74d646935dba9954e81fd94fb5158597fa137ff006648ff00cc6b9fd997b64a89ad1e14e208265db6b10dd5e636de5eeed62ec782fbe61a30cc44f2c386b0f809956792cc1f1236e5afdf51cd22fd5e65f99752e641ea632e578a16581639a36665919bb5be65521e1cf64fed3315539337b339a769bbac6d1ad856fab627bdecafdadd9f066fe845cfda9e338cbe9af6b6eb597792d8e62142796dadecf652bc52342d7e466556d7cde66352b92e1fc832c1270cadbb5249cc699bf0e3f97fccccc7679ef665ed7ee5f5ab8de189bdcaac2dd163558666fde25e1ef63fed22a2cd3ff43b6b1afe0cd3ac71fd31aecca5d182d48df9fcdde2b74f1b687157337042d3d555ad79a4ea9a1add522fcdfa36fcc7ea4f631c39253f65ef7e68a386f64ffb77c38f5edea8cf1ce13f667c776b2955335c11e38fa6bd52373e36e95f2f4b1ee8b271e46df6418bd157b7c399d3fbbb1dfa2c16ea9bde35f0a32e49b4f7e1da637c79d97bd3f9748557f776fe633ced4f7fc5cf5bc3fa99bfae3f1f0f52f52ff129c4eded1bcb8d83f6acff00e22d4737b45f0ffeeda9fb5694f474a5dad4979f5639b5d77556d4b071f0d8e37f3d3a0bff00e697fca6dea3e6557fb54b495bf7bfca74371a9f4ad5a7dfc7476566f94b20000000000000000000000000000000000000000000000000000000000000000000000000000000000000000000007217bfd7ac7eb18c6216ff00da163f58df98c6062645a52452156265204c84842a48a0640c4cbb98005064a048a64a1400db51b18a803201400018c4981903132240c8c542f4ec11dd91883103ed0f0fb2f7d51b7f29b435945b6bb1fd327ffd66cce5200000000000000000000000000000000000000000000000000000000000000000000000000000000000000000000e2320dff19585ff0011bf318c52750c875642d7eb9bf311c4db6c05c562c2b14d58b11016226264218b52455d540939863d3dc397b0e58122fcac64a63a002650a62ba9928192831d958280f56acc1595b6d58190031323101b6aa0c7ea51d3dbd3b123253223424510062c65e531e9032a3d37bf65bf94d99acadd36e3fab5fe13664000000000000000000000000000000000000000000000000000000000000000000000000000000000000000000000e1320dae4ae7eb9bf311c4baec6592ff006a5afd737e63189b6d899132ec5a88a316c588a4205e88b08538a42689bbbd205807c3eedaec4ec649b19298a36a00c959549148c6c4090c597a7d23b491580c7f757d4a0c800d98c5a4560baab6aac002b050ac14036cc62abaf97a4c97a765db60a065dbe5fa8305936048c6affae47f57f2b1b535557fd723fabf958da90000000000000000000000000000000000000000000000000000000000000000000000000000000000000000000003cfb20dff001b5cfd737e6318988f26df6e5af7eba4fcc2b49d448b0cbf0fb9bbbca4cb1ab295e26f958b117e56205a5f999ba4b0855897d5d4585fe202c196be655ea235dba49949818ea48a62bda64064a65f311aa13101d214000649a989900531fb090c49d0c42b311b05d9481233288b563e1f62e9000379401941feb10feb3f958d99aa81bfb643f57f2b1b50000000000000000000000000000000000000000000000000000000000000000000000000000000000000000000003cdb27fed8bdff005893f318aeada8cab7fc717be5b327e610122e44ba962229afa49a0936d881b053252156d49225dba809c9558af1349cc6d97b5ba4915b599b6dbe502c2ec64a607cea52762c21910992ec4093ec047b6be56d4cc0fa17f88f860b27574ab012733bb5561f6991892316d8c57b49000325315325243cc00211b471ff005598dbd321b734de1dcbfac8ff00329b9129000400000000000000000000000000000000000000000000000000000000000000000000000000000000000000000f32c9ff00b6af7fd664fcc63018e55b5cd5ef9acc9f98553a42e2f69345dc5588b51106d7232c465580b04a53219290a36a4a04baab19218c464abb2f6aec40983298ab1281119199f3b94818aaea48a4648a48c8c5818eca4a366c62004245fe23221325900c81918811afe347f52fe63726936fed11feb17f31bb225d000200000000000000000000000000000000000000000000000000000000000000000000000000000000000000000797663fdb57bf5d27e62380932dfed8bdff005b93f310c47485c898b513ecac558c9941dd7a226562ac058521298cb68d4c54c975f4aec489942b6db194648aba81246646319928199802400a0056d80291b1218b843131321e608649da64a7c3ea802324236ed62130c7b665fa97f329bb344cbdbf52fe637a252000800000000000000000000000000000000000000000000000000000000000000000000000000000000000000001e5995ff6c643e6b327e6238fca71b9ece6431fc5d9a8a3d668fdfe6e96fd631629f18c0dd362932fd2db123b256d4b1136a7378fe27c2595e9b6d1fcb32ea6e29dec7cabb4776093f686c6da2f29694a7036ca5c8b6251b4cbda64a46be9918915940995891588fa542eaaa12b0ba99291c46446c48a6644ac488064002401911b844b10a6264adb284333e91a92003e1f4c597bb6ed0219db58e6fd5b6bfba6f4e532b91a55559669d76656f86bddda75644a600010900000000000000000000000000000000000000000000000000000000000000000000000000000000000000007e66e36e9e32cc7fd7e6fccc6ad7a76369c6baff4d335ff005d9bff00a8c6b6325ca4fdd62d568b5db5d88632e41d4a48b54f9b176cacbf2ec6ca0b9753f06f4ebeaea35f196948d25b48b35964edbcdfb45c8b3f97f2d95fda534b17d5b1622d8943751712e53d5032fd24d17145e5ee820639fd0c940ea20e27b2dff218cb0bc4cdab6d517f78e760526e5eaadb6df5109dba05e23f551fff009093fa4cbdbee2dfbc733ead656245e6836e8bfa4cbe6a8db7d465fd275f2d46fde39b551a894ba4fe942ffd11bf78865e2855e9f746fde343aec432c6abdbf56a4a1bc6e2c9564d7eefe9fa8371459f2d48cd0a2ea65a84374bc4f906fd04063fd21cbfaa35fd934ea4806c25cd651fbadb2fd2a6be7b3664db9d66493f68376b7a48f6565db6e902befb4cc7b49e312af77d27b32f8ede044a61f4004240000000000000000000000000000000000000000000000000000000000000000000000000000000000000001f9a3da642d4bda1e62bc9e6939cadf2c9d468e073d9bdb8f0559e22c74596c3aed93a2bf6f27fe911fa4fcf305e6599a2995a393cc4a1d74121722639d82f6c6cab5c5fd23464a1bc81b562d45b1ab82ceca5c8a55d7e60360a4ca53572c2bab76b01614914aff6922bec06c2024d9955b5629c0d3b2b6baab16bb5580ca2ea5d8908e293d4aa64a04a0f9b28e66ddaca048559d8995b5d886cb01f01028db5db66e90245fa490aff006992b812390aea1a555d8879fa8195993e1b6a7b1d4f1fb608ff0056a78c43ccbd90868575d9e66d54f6b55555d54894c320010900000000000000000000000000000000000000000000000000000000000000000000000000000000000000000f3ef68fecc30fc5f0b5a5f0fbbf2de1e1d16a3f37eb3d47a0803f2167b8138e78664916ee1e7b75d7c3ed5b34939a9ffe868eb64d57656d94fdb268b3bc29c379d5fb73185a56dbecef787e27ef7713b469f9769e555ba7636d064f655ea3d5effb12e0bb3b3536c863ff0053636fcdb1cf643d8559eec6f13f8fd9ff0035aac3669cad6bcbea52e457b6fe526b3ec778f6bfe0dbc4dbfa6665fcca539b80bda1d4f0fb5b87de7fd4cd0b7f301796f2aa932dc5d4e767c2f1a41ddc3398fd9a8cc5567ccc1b2d8c364a0fd654917f3292876115c245c849af71c3fdf4d1fe374b7cdd264bc435bb79ebf4ec076cb909f98dacbd249164a7f51c4ae717510672203bafbc645f310b64a45994e47efa8d94c5b3516ccb1b281da7de6cabd52a98fbf31c6c59c899548e7e218a3ea6940ec9ae7a5948dae46aadab6ade638bfbf9646d636562c412e5edb6b5f1792b3fabad237e5503aa5c86c3ef255d8d1c1c39c6d71bfb3f0ce4b66f34d0f27f36a6f71fecc38e2d7e3350a0bfe24db37f08104f95552ac1929edda8eb51827b3349db1c6bb331d9e1fd8cc7e2db6773f3dbf0f3455e3e4a1e9181c1627075b918aa10d55f36be1d4dff00b5884b9bf673c27362fc1b2797f156befd90f878ecb02ff98ee802120000000000000000000000000000000000000000000000000000000000000000000000000000000000000000000000000000000000000000f8cabe3fe92b3d0a2ff894abb7fed894b400d53e0306fdf83c6b7fedab1f891370bf0df9b87b11ff00628ffee37400d2ff0045b86fff0047713ff638ff00ee1fd16e1bff00d1dc4ffd8e3ffb8dd0034c9c33c3abdbc3f89ffdd4e3ff00b8b50e1f150fe0e32947f4d75f02f80238e28e3ec8d5490000000000000000000000000000000000000000000000000000000000000000000000000000000000000000000000000000000000000000000000000000000000000000000000000000000000000000000000000000000000000000000000000000000000000000000000000000000000000000000000000000000000000000000000000000000000000000000000000000000000000000000000000000000000000000000000000000000000000000000000000000000000000000000000000000000000000000000000000000000000000000000000000000000000000000000000000000000000000000000000000000000000000000000000000000000000000000000000000000000000000000000000000000000000000000000000000000000000000000000000000000000000000000000000000000000000000000000000000000000000000000000000000000000000000000000000000000000000000000000000000000000000000000000000000000000000000000000000000000000000000000000000000000000000000000000000000000000000000000000000000000000000000000000000000000000000000000000000000000000000000000000000000000000000000003ffd9, 1);
INSERT INTO `plant` (`plant_id`, `plant_name`, `plant_desc`, `plant_price`, `plant_image`, `category_id`) VALUES
    (9, 'Ahmed Herman', 'Sunt pariatur Iure', 458, 0xffd8ffe000104a46494600010100000100010000ffdb0043000503040404030504040405050506070c08070707070f0b0b090c110f1212110f111113161c1713141a1511111821181a1d1d1f1f1f13172224221e241c1e1f1effdb0043010505050706070e08080e1e1411141e1e1e1e1e1e1e1e1e1e1e1e1e1e1e1e1e1e1e1e1e1e1e1e1e1e1e1e1e1e1e1e1e1e1e1e1e1e1e1e1e1e1e1e1e1e1e1e1e1effc00011080279023a03012200021101031101ffc4001d000100020301010101000000000000000000060704050803020109ffc40055100002020102030503080507060d02070000020304050612011322071432425223627208111533438292a2212453c2d2163134415163b2619193a1c1e21718445471738183b1c3d1d3f025b326353645556465ffc4001a010100030101010000000000000000000000020304010506ffc4003211010002020004030607000301010100000001020311041221311341510522617181f03291a1b1c1d1e11442f1233334ffda000c03010002110311003f00ecb00000000000000000000000000000000000000000000000000000000000000000000000000000000000000000000000000000000000000000000000000000000000000000000000000000000000000000000000000000000000000000000000000000000000000000000000000000000000000000000000000000000000000000000000000000000000000000000000000000000000000000000000000000000000000000000000000000000000000000000000000000000000000000000000000000000000000000000000000000000000000000000000000000000000000000000000000000000000000000000000000000000000000000000000000000000000000000000000000000000000000000000000000000000000000000000000000000000000000000000000000000000000000000000000000000000000000000000000000000000000000000000000000000000000000000000000000000000000000000000000000000000000000000000000000000000000000000000000000000000000000000000000000000000000000000000000000000000000000000000000000000000000000000000000000000000000000000000000000000000000000000000000000000000000000000000000000000000000000000000000000000000000000000000000000000000000000000000000000000000000000000000000000000000000000000000000000000000000007e1fa0000000000181f4954fa53e8be7af7ce5f3795ee9a3d3faba86573d770fd2b343232c3fde2a955b2d2b31133dfa23cd11e695806ab51e6b1f80c4cd95c9cdc21ab0f8d89dad158dcf6766623acb6a0a8a9f6d9877bb0adcc2e42ad29bfe54db5b6fc4aa5b313acb1acb1b2b46dd4ac578b3d336f92768d3256ff865e8002e4c00000000000000000000000000000000000000000000000000000000000000000000000000000000000000000000000000aebb55d4b95d3d7b14d8d991564ddc648dd772c8559b2c62a73dbb217bc52bcd2b14f86658d599ba554d3e96cd56cfe0ebe4aaf4f093c49e96f3298baf655e1846a9c5b6ad9e993dd8fcc272c7273c76766daaf34347aafb4fd3d84ab0b5567cb5a9beae0abe9f53337854dc683d5d8fd598e92dd349a09a2e99ab4de28f8945ea39f1f52d364ad6d8e1f146be95f0aa9f1d9d6bb9285ebd7531b355db5f97eadc78f4f69db9f9adf87b31578ab73fbdd9d3524f0c5c3dac8a9f131eaa507266a4b8ad7e49da6693cccdd4a4abb35d555a28b24991bd1c34abfb459a79382ac7ea53562f68d6f7e598d44fc7e1b5b8f898b5b5a5a60c4c75da990a71dca5623b1049e19226dcac6b2cea8c2d7c8cb8f9acf2a68fc5c597a4df6cb4ac44da75b68b5a2bdd1ba7a8125ed826c3270ff923716635998ed9311572ad8fc661efe55636db258899523e1ff691ed231359d51ad35179aae3a6dbf149b9bf748151558aaf30f0e78dc94998af9ccfefafed8ad96d48e9e732bbf2bda8e0e9686bba97824caf5fa5694bd32bccde142a8ecabb55d596f57c2b9eca2dda36e6d9347c21558e166fd9b7ba68f212e2eddcaed9a5ef3468fb45a7e59a693c3bbdd58d4de4fabf10b8d583a60e9db0c31aaaac6de5e95217e3b2da6b6deb4ae73de6d13bece9789d248d6446dcadfa5789e8730276c7ad71ecb81e34a848b25554a57955b98acbeaf2b19fa2f50672865e1bf3e62fdd6924559a39a6665917e13d0b7b4e9178ac567e3f0699e2e9b884abb63cb362b58d59abccd04cb1c3b64f4fd6152693c85da79eafc9b2cb3579ba646f75ba998daf6d3a8a8e675a5e9aafd4d1db02b7a9e3235dfa06565997a76eddcbd2cdb8f2789b4df3dad13d36c992dbc93af55f189ed83089a6ae6433127557e2cb1ac6bfd27dd52a4d57acf5aebeb9560e38f83baab34cb461f2afa9a4204b1c4b621c7d7b6d3d5864ddcb93cbfc449303999d7da535fae6e9f7b6f99bdd2ac9c666cb5f0f2fcba79fccb65bdabcb329a6430f1414616dd1b2aaeddbe9662f4ecd7837f20f0aaffcfc2aaf0e2738b662ecaacb34b1f27c3b557f789b69fed81b1383b743218b8d7b8d7e5d39a0f0b32a74ac8bfd468e0b3d316699bcea35fced2e1af5a5b72bba86420bd258487e7f9a09396cdef19e73be94d759c8f4ce2e7a5341b5a0f9ecee8f76e995b692597b77d3b17054e18bc9db9561dd63baa2ed8dbd2accca7ab87da38ad1ef4ea5aa9c4d263de9d4ae3047f466a7c36adc24798c1dbe13d6938edfd3fa1e36feb565f2b1203d0ada2d1b8ecd11313d60001d7400000000000000000000000000000000000000000000000000000000000000000000000000000000000000002a6f94545b7118abfe99da1fc4bbbf74b6485f6b38daf96d196f1fc67852d49d753848de2917cbc0cdc5d39f0da21566af352615cf657aaf8e9ec1e45adc0f3432ce8f5be2dbb643e7587686b99a7b9a35a8b5d5976eeddceddb486656f2c556bc71b6d856355521f9abdba8c6abe953e673f15970e08a6fa768fdd83c4bea2b13d1b2b393b37a69b21274c7e58fd2abe13c60b53c51b45bb72b36e65f784f1f228c751557bd6df6d237572fdd5f7bd4c79c4acb564693a9955babd5d267c97ae1a444fc156926c0e6a281a189a4e966da41759e6258b53478fa6ccb5d66e648a69719929ee5e8792cccde18e333a5c7cf733124fd52374c7bbd5210b5e673446bb7f44474593d95768d3691b594c23f0df5ed2b4d53d30cc7e673575bb9724cb4cded2d49e15f755577107bd4e2a932cf61bdedbe663573e49a5995599bdd354e7bdf54df4aff0044dedc9a9ecb5b09aa66a0d95963556a7928da9ccbeeeddaaca60c11b353203a7351d68a4b18dca6e5a72374c8bf66c4eb117ab4b0d88d678e7e5b2b6e8db774b756e2b8b4c5b533d3fdda533cc81ea5c84b1e51a0ddd3cc3533dbb324db6366f77e23d3395adcfa9af568fec6c32c923374a9e93d5ad1c6cad764e67aa352ca6f926b1dff00f1c8e8da51cc412cd347364b6dc87d9ee55f66cde6da4834864eda66a1a37a7e5c9623926864f12f4ab32ed6f3152dea8b4773436f9f1af56d6e990cac0ea697b9c705adddd6493747d5d4bef46de5f7bcac5992b3adcc75fdcdc4eb6dc472cb2c334b348cd24d23348df131b882acf90a37acacfdda8e361ef576d37d9c6abe15f533785548de425eecd717f6723124d7f6d719d94fd050f4c73490f7db1ea66ea6639c3df9a95f8e885638ad4d2f789a5f0b48acbd5e5dc5d1a4d55b4fe3e75f3508d94a57b4ad374703da67f26f4d477ac4495abb47c25e1f3cd3b347b998ba34055bb8fd2f87a394558ee57aed0cd1ab6ef3334638dc15c7cb7a79ff00312edaba7a73fbb42b2586e935766f35c864e98e0866658f737e1dbf131993c7deef37a55b6afef7e623b83cd52cc53bd5a8f2e66af756c43337861dbb959bdde931da626d6998e9f7111f59842234b129d38a3c6c78f8edf22155ea93fc478ae3b1f471b33538db6c9d2ad23751158acb6424658e79e4af1f8a4dbb63fcde23da7c8db6f52c2be15fde3b4b7375b47dff0004c2f7f936c3c227cfac5fd199a16e1f1751751c93d9a76a2da2aae4e05c63e4e4b6f1b42ab26d546524b47b5dd5762cad89ad5283f47cddd9a1e8ff0039edf05ed1c58f0c567733d7f76dc5c45294889eee9106974a6620d41a7a9e5624e28b613e765f4b7f3715ff0039ba3dbada2d1b8ed2d913b8dc00024e8000000000000000000000000000000000000000000000000000000000000000000000000000000000000726f69d969b25af7256da4656af67935ffbb58dba769d6471c6b1e9d4d9666f35f9a3fbcb231e47b5e6792b58f3fe98f8c9e90f6caced9559b21d2d34cdfacc7ea93d446f20bdd69c3ea8d76afeeb1f34f21cacb471c8db639bd9c9fc460f686b769d1ab664eaaab26d9997eccf9b9e6e23156b6fc513f73f5649b6e36d877cdd32d2aaad236ddab1a9ed2d98e0c1cd3c8cadb6193c3d5b9bc3d24771eb3b42d5a36db62f37b66f75bc31fc3ea2417936347523dab0d58d5bef797f88ab898acda3efcf68c20f8f6bd85abb63655bd247b5bd51fbaa7a63331670b9486db4f249fb656f32f98d95c4ad5aacd94b8abb57c3fba6adab4190a7deebcbcc8e4f32afe53662b6ab37b39e8946425c35e59375bbf05a6fb4565915bee98b81c7e37bd2adcbb164ac7d8d78d997ef37f09a1831f0455d56e348dea8d5b6fc2a49b4e2c757dbd1c7d483def57de15e4c95e5c7b4b49e53d25a7ed2c724986ad1cde5687a5b7109cf458fd2bad2e56c1db9278665fd7616eae5c9e956f74dd6aad6366a6363ad8b824ad6a68faa693ec57d31901c1d6ef99686291a458564f6d21a6226d3aac0cacc6425bd0b64965dcccdb64f894d2c571adc9b776d8fccdfba6f3278e831f46e35766821924eae736edbe9da43f2acb4e18daab2b316d31f347bbd263bfd1d98dc6d28c7e3eb4b6baa08da38fa988ce5e9c53cd9069199648e19b6aaf9a45ea5fcbb89a693a9241a3e8cf33335ac87eb0deeaf8554fac9e3209f2d572134ab5a35823b0aaabf5ccade1fc4a576beafd3c919884456e5bc8e061cb494a78f72f2e469236e5c9f0b199da1e6b77663a5e456dcd258659bfeed769b4d4391c967b2924f7276917c31c2bd30c7f7548ede665afdd3a7bbab332c3e556f331dc535c733311d3d1dacf2ca5bdfebcdc68ea08782ad9b58c863b13c9f631c6a6a3b3bd67045a9b24b90b3b6ae5265686691ba63917c3bbdd6536dd94c5f4cb5cc6ccb3c922d4ddb97ab966b7576231b8c9ae569312b2b585db3342bcb5f57dd62a8bd2d7b5326faf6fa39d3cd2cbd696ae49ab36e5f6cdd3eeb183d9ae89a94702b034fccb5249ceb11f95bd2a40e7b975e9c3035e6b3ddfa7737d6347e556f5136d0f9e8a2af1cf6199618dbfd2145705b1d79667a7efadcc11db49b642b568a15a8bb76af549fbaa46750dc829d56dccb24de956265836ad72f5cb361565585ba55bc2ccdd46af50d4c4dcb4b04d047236d66e77858cd7c736aee67558fd48e8aff004e64eec56967b902c95669155976f52afa949365e4f2c2cad279638dba57def798c75abba3f66aad27e5536588c7b3491d6857996ac48b0c7f1336d52ee69b6a31f6fbec8e9d2ff27d8eca766f516d36e7e631621adc0636b61f11571757ea6ac6b1a9b23ecb87a4e3c75a4f7887b18ebcb5880005c98000000000000000000000000000000000000000000000000000000000000000000000000000000000000726f6b18f9f03da366619a1e0f52f49ded3e6fec93f9ceb2235acf48e1356e3b854cc55dcd1f543347d3243f0b1e77b4f84b7138e22b3a98539f1f895d477718e569afd7c2dba162793c55a3c3b45715648e65e5f2d97eb3dd3efb42ecc7546949a69ead493318bf5431eee9f794c4cd4f135c867ea9d56b2c90c2bf69d3b8f9cae2bf0f6b5af1a98d7779bc9313d7a21ecb163f35274b2c71c9b957d2a7a59b5072e6919ba6693749fc279b642b45a9a8ddc833357924ef1d4bd5eadacbeec8bb58d7d6ad5248f764321259999b749c9e95dcde233f876e69b79cf97a76ea8ccb53a85a7cc49b7ea29c2656908b6d7b94a18fccad1afddda6d2f53a3d3c9c82c71fec645ea5f7ba7c46eb156b098fa3c8a6b2fbd348bf58dea3b7b6a9e1da74e444fab53160dd66692c756d36d4555576c2aacdfb4f2afc3ea63d2b5a8f21de1a356e95e9e67abe132bd8568da7b53c7042be6662c8b570d2b3be93db5e6ef2cb53ac60823d3f34f34bcbf68bb64f333115d3d6775afad555b4bcbade96917a8f6d4b99fa72d752b418da7f571f999bc3bbe263533e2a2bdb65b4aad22eddbcb6dbcbf4ed3760ada2bcd68fa2fa52b15dca7d2d68b358bb5595b6b585dd1faa3994afe29593747720693ab6c90b49fe2625188c9aacdba697758fb65fda7bcbef183abf0b0642f4790a73ff4a9161e4fed24f57a54d1966b6a45fd1d98dc42496b0b99a8b0b6d81a18635f631b7547b57c3ef0bd2452e91a3c9facaacdb7e1f11f385cd598166d339a95572d8ff62b27ed957cbbbd4aa6bd565972d0e3e3565ef526d8d97ecdbd460deadc978e931f9aa8df9bd34661a7d4b98e4473c78f58faa49a45f2b7a57d43b48d12ba7331568d5bcd7fbd43cc55e4ed914f1c0e6be8ccc48bdf57ab6fb366eaf7771b0caea59fbd5ec933335c919a1593d31af4ed218ad588e5d7745baeca7192e9cc5d85b4ab1dcb5373245f4c6abd2ac6cb50f22f2c91dc8a39f96ccbb8d0e93b8d6eacd2b49b63877343f0af4fe663c7352e4b26d6aa635a3faf65917edbeef9588c5ed31313f7d91efd95fe6b11826c948b8bc85d8d99baa392bee857e163171580cc5b657af6e93430f9649b6b2b79ba7d3ef1b4e6f71cb4cb6155b736d593f894f6c1cb1ee8d9997737537de2ee79ad377ebd3abafac9eb49f0f47ba72d9ae48aadb7ddf56e35581d592e4324d5a69f6da999563593cde955327bb736691665dd4e1379a729e01645beb8bad5ae47d50cde92135c5cb3498ebf7aee2750693829d38fbf5d927b5e658f6aaab7a54b23b06d3342ce466d4d2d275a947fa158964e9693a9646fba423434f839f190e4359d0cc4969999be8b8d9561f7798de26375a8b5c5fd40fc313739383d308bb5e8e338ab4d32fa7732aaaa9a705b87a5a26f68998f2f8b4628ac4f34cad4d27da345aa757cd8ac3e3269f170c5c77647e7fd1f39621cdb535f6628545a1a3f094b0b47dee3ce91bde6662d5ecab54e5b3f0db8331040b357dadc2687c322b1ebf0bc756f6f0ed3b9f96a1ab1e7899e599ea9e800f49a0000000000000000000000000000000000000000000000000000000000000000000000000000000000000008f6b65cab69db2d869192d27574f8997ccaa4325a6b59988db933a8da42505db555ecce9ea37ca67b52dbab7a68f972d2a1b6591bf8485e6af64321bb6e66fb4cde592dc9ed3f3101c9d158a1b13b45b76f4afef1f33c67b56727ff002c987a7c67a7e8c397888b46b951ad65854c9eb392de96ca6dc37ffe94aad36dff00bb3ee5d39657a6bea28d76f89a4858df4166945a05a5ca508b6d7a57e9d2b1e9b8d2476a3fcbce5369aa34d4f81d493612add8e4e4c70c9ba65dbf590ab6d62368e4a5725ad1cbd3b47af6553867c38c93da5afc1e99c7d6ea9a592edaf34cd3757dd533ace371eabd53c8b1fa5988ec55b2905c9259acc71cd1b6e8d555ba5be23ae74de5f4aebbd070e3efdec7f7bc8535e17abac91accb2f99b6fc467e1382af137b6f2efe71d7f788fd1cc786b93cdcbcb7b1f8f87910b48dd5d5cbe9dabe6dacde6dbee9afd63f4365b55e366d3990bfdcb25ec65c564bc5466f2b2ccdd2cac49bb4cece751694b8e96a858b94be6f637608d9938afeeb7bac41e0c5652599a0a789bf3d855e672d6a49ec57f6ccbe9f78dd8f85bd2662f1131f2ebf495f8716adcb68e8c5c9d4c8518eacbcd8daab2c8d0eeea6936b6d6936fa7774a98ab24fb59a4a862c102c5929278564f631f2636ddeaea6115466dd133337c4c726b116e8e66d45b4dd568a7ad47e969b17764a6adf5cb0c9cb93abc3ccf09b2d637a283251d66a505256a91c925766e98da4f68cbef794f4ecbb23049466d337ade6a09a4b70b526a7764587a64dd247347bb6b2edea562599c49e2d719e9d63a0d5f21242cbde1777976f49db4f4e68fbeff00e2bdc446d11d0581a3a9f5149df2dd98d6ac3ce5e5c9d5e952519ac52e2b2d56cc73b3471c9ba393ccbd3b76b1b8c0bf22c359558fa576f4aaaf8bca69f5eceb2c6d12b36d6307117b5ff0f4d75556b6e50bd6314ed4618e358fbbc6dd5b57ab7797abd268f3971974aad9fb4ea8e4f8bc4ac6da9e6b95696b643c32374b7959bd2c6db5adca5a874bb69dc6e1963b91aeea8b0c7cbf88ee28dc577e53130ed7d2587a56e5e5d1f63211c6ddce1686bc927c4c6469ece412e5a48d9b6feb3237e63074c5cc8627417f2773d8fb7421e4c9ce6917c5e6521d6a77a3ab1a4af26e86e6db11fdef17e63b9386e6f12b59ebff0088cf4fa243ab2d4f7b524dcb5dd25ab6db57e2f0930c576696dfbab43a92a32ee55b2ad0b2fc5b588ee97c3cb9cd70b1ee68e1a7eda7917c5b4b239bf43cddda3568e165dcbd5bba897a4797473cda5d678ca54e6ab8baf596a2af8a691b7733e26f331abc8d5eedcba91c5ba4915796abe265635baa322d90cb61fa999a392466f84b128d5896f5cc97aa4e4d6f85576fe6629c1a9f7e3fed2ecc4cbeb074e7fa17ff00ab2c7de16358e358fd5ef7bdf09e7def095246593214a365f1756e17b21b72d1d285ba69f8bde93cc477156e06b51ac7047cc924f0c6bb9ba9bd4593158edd1c4bb1fac70905c855aa5fb74dbeba685563fc3b8e8decee6d3d6f4dc36f4e7ccd525f13370f69bbcdbffca72866a7acd92b4b4e05face95fb38ff0088ba3e4ad2cbc68ea185e4df1ad985fef321e8fb32fac915d6f7e6d1c35a39e234bc4007d0bd20000000000000000000000000000000000000000000000000000000000000000000000000000000000000000561da1f65343514cd90c54ddc2eb36e917eca6ffa4a9753f677af2bed86d69d96fd58feda8ccb237e1f131d520c7c47038b3c6ad1f929be0a5fbb9632bd9bdb93e4e9a9da6a93c37a1bbf4a538e65e31b2f2576b7e2569bfce7ae42bff297b10c1eb5f1586bd3779f859b97f95a38d4e99b9560b7566ab62359219a368e45f52b788e50a9a82ef66d26a8ec7e6d353ea57b56b7e16bfe8f99f84dfdbff89933f0358e1bc089f2d7d7bc4fcd6570ef0f871e4d134115b876cdd322f86435f668cf04dd517317d4aa5db88ec4b20d8281b259c862cbb2feb091c3babf135996ecbf59e262e3629c1432e89c3e7db5e668e6fc2ca7876f64f116a7bf5ebe7ad7e6f2edc36489de9aed1bda36a5c4e0e7c5d3b704df3c7b6ab5edcddddbf797dd2793697a5a77b28d439b8b21365b277a97d2390cbcbd325cda9bbeec6abf3ed8ca62e5bb757f59fa3e87b193aa192166f0f964f0b165eb2d7f8fd5dd8367bf4770b28b5eb64625fb18649e38da45f776f1e27a7ecdae4c359c59adbe9d36d9c35ad6f72fda5cd98f8f9f5f749d3332f3197e2f29f3ddb6d88dbd5ecc9f768ba57f93bae2f5093a61e72f2fd522f95bf09a1b98a591645af27b4f2ac9fc467bcf2ded49effca8cf689befce5add1d51ab6b0865f2c8b36df8b6b134d54dcdab1dd8dbda47b64f8a365eafc2c4279f662b90dbaedcb9aac9bb6b7a97c4ac4827bd06431bb636dbb5597e15f17e5395b526263b6f6ae3cdb6d3d737691b92c9ff003bfcaaa69ef4fdfb6eedab218b8f967834ecd4ac2ab4725959b746dbba48fe5daeae495b774ab6e8da362ac987dc8c91e51fe39cbcda987d6a5c1f3636f61d26ebb2eddf46dc82d49ceb51b7d7799a3f29aba79f5e4ee9a768ff0032b1950656b412359ab66091997a96356dcc67a4df7cbae9b43b744ab2a904b0b52dab24722fb4565dcacbe6dc5679cd12d2e4a8cf836dab1b75559a4f2fbacc48973fbdac2b74c8cabf97c422cc569f211afd5ac65f7e22d8f7311d9c8b4b65a02b59c6e7b253c96692c3342aabba6daccdb8c8d7b9158b1edede3665668d5a36563dacf71eeb26424dbd4bd243751d682ee0d73b4616bb8bc6cfdd6c4757c4b332ee59197f66dd4aadea2a8a4e5b456913d7acfc35fda5cbbecfad3d135cc8472fa7cdfb35278d9aff0099aeedabb63f4aff001101d2b95ad7a3655a9252af1f9ac32aab7c2a7d5ed69452d776c3c0b77cad7266db5e3255a5abb8a57ac7af91a9848a76b7153b92c304966d48bd2b1aee6dcdd231f8ebb85a3b6d54b741997eba68f6f4fc4dd3b893623395b0b81ab6fa71d0deea69a6f67358eadaadf7bcaa6af5fe66ee571ad806c9354866ea9976f33a7caa46387e917c93b9eff7f08263cd1bbda9b0547d82ced26df2c2bb8ea6f93153a6bd9bc19bad2f17e19799ad7e1f67fec38de5d0f665b50ad5c941679922af52ed68d7ccc760f67faaf1780c0d1c162b0f6d3174e0e5c6d358dd26d53d3e0ef8b15f9ef3f7f92de1ed5a5b72b80155af68d91ef3bdaa55eefe9f9db77e22c1d3d95ad9ac4c391abf55370fd07b1878bc79a755eedf4cb5bcea1b3001a5600000000000000000000000000000000000000000000000000000000000000000000000000000000000000000563db56826d518c5cd609daa6aac626ec7da8fa5fd5cb2ce046f48bc6a5d899acee15ff62baed35d694e75844872f45bbb64abfa25e1e6f858b00a0f229ff07bf299a36a2f9d711ace368645f2ad9e06e7e50f91cb55e183a943216a955b2d3731a091a3691d76ed56633db88f0b14dafd748e7b4638e6f26c7b6bd275ef62e6d430aac76ab27eb5fa3eba1fe25397b50adbc2de99559a4a36a36aedb7cd1b78a36265c754ea3c4b70eef91bb2d57f6762bd891a68e456f12b2b18791c62dfd52d825c8434a3b1372619ac7d4ee6fab56f89ba771e1f15c4c71168d74fe27ca7e5eaf3e72f3da26bd18faf75a5ed66d819e6ea6a3516bc937eda4f34869ecb48b27dd37fadf47673b3cc4a53cbf1a3c56df1f9d1aabb347c36b7bcaa6264ea74acaabba368fa4c979bc65b45e7af9fe53fc69565e6e6dcc7544f2ecad623bacd26e65e5edf57bc63e42d4498db0b0c6cb36e5fc25a55b4f6022c6ac5731b05bb0b1ee9269bc4adeefa4af73d8ead1da996ab332f994ab735a473fd15cefe8d8697fe8b1ac9e96237af5248e15587d9c3349d4dfe25537d8f7db636af96323ba8f26acad1dc6db5f774c3f692329756f339796be9d52a6fb43174f631b33796069e3a90c7e693f757cc4827d2522d85a55733436c9e699595b7191a569ad4aeb3d8823ef5247bb97fb156f0afc44df4ee8ad3594a52e5b37aef19a6e18b7471d6b0f1eee327a9b73784be98ad6dd6b3d565637d15d4fa5daa34dd4dbb6aac9248be13cf4d6171f7330d52e2ea1b72347b6a438b8639a691bcdbb719981b796cbb64a3c5d692ee3f1f04962ef3195556156fac5dcc747fc97b1095f4e5dcf240ab5ef4bf3c0d247edba7a5fe7ff315f0dc367ff9114c93b8f5985b1872cde22f1d1406a5d1b9dc065abae531f6e28668e4b552199a39268e15658f74cabd2be2534b7b1f998abccb8d9eb2f3ba645995a3dcbe2dadea2e0ed3fb548f1ddb35acb60a083270d5c12e3e6ef3fa219b74fb9f695dff002860ccc763210d28e08da466e4d55db1c3eea90f68d6d82f17c33cd1db5e8ab2e3ad6dbacab1b385d50d796555c4ac8de6849e68cd1d5b1f0b677585de64757da492374c30afbabe66375a3f2782bd340d2cddc2586e7332125ae982ae355774936efdb337b358c866bbcca657356de9f0cbcd83593751e17f847c19a3f5346a68a532da91698d47d368c56d31b47f3ba99f516b66cfac4d2c9b97b855ea6eeb1af4c6bb493c1f4cd68d67b98bb71b4df69347e235ba72ecb4ff00fcb605a8bea525d8ab33f78696c4ecd33798ab899e7fc1dd096569f9659ed47ec22f11644f93ee75e3acccdcc65dcdb57a557f7885e72cd2a9858f3b6a75a8d56c471c932c7bb98b27a954fa6d558dc9c90c94e4668e9ab2aee5dacdef192917a579af3fa689edb4e22b5ba9b2b74c92374a970f63f2c7c34ecd5164ea866f0fa576a9cf1a7ae492dcdccad3c9e58fd2583d9fe51b1daf6acd34cb1d768645b723785576ff0016d357b3b89ffed179eddbaf4eebb87b72da25d0008c4bae74bc5e2c9f0fc2c6e71592a394adde71f6639e3e3e653ea6b9a979d5676f462f59ed2ce0016a40000000000000000000000000000000000000000000000000000000000000000000000000000000000000000a4be5795264ecf68ea6a3c375dc0e4a1b71129ed2b1516baecc16e637e6695a08f23478ff006f4eee1f89789baed4709fca4ecf33d8554e0f259a3272b87f79f36e8ff370e0453e4b99de19bec6b13c3e7ebc73bd193ee71e9fcaca65cb8e324db1cf6b4256ac5a9a5071598af42ccdf59e1917f78c1cf46d3ac8d3756e5f17abfde273db3e8d9f4deab92dd28f82d2b8cd25765fcd19125f68d1f8b6ee55914f92af3c5e71e4e931d3fafcde24d792d3548b5364afebbecd30f8cca5855d418ab7fcf3374cf5f6f8a4f4c868d60b78fc6c705e897d9f4b491b6e5f74d6c569a0cb4dd5e193f78db4f93666dadb5a39372c8bea52ecb36c94f137d75fe2533369eac8695a520f7a5589b20cde5ddb7f1749916751c14f21354924ea85b6b11d57fa6b21cf666685a4dd1c7e698cd68e6ad504874be37239ab1c29e2ebf096edb664aa9c7a7e737b81d2b0601666ca5455cf3332d8691964e4ed6f0993d9a6a3a383832d978911f2f144b5713c38f0e9899b77326fbaa6b19e7b8adba76f7a43563e5ac7c7cff88fe575abcb11beef9a71452cd3343e66e9fc47cdcd7316266db1e97d177e6abb963b592c32cd63fd212decbb4e55cc6aca787e3c786d9374f37cfc7ab92be23e3b73ec329692d2f96d574b523b5383874d6b50f067ea65554590d9c3e3cf7ac64a74d77598296b6a63e4a974859c863f0b90c7c33aedca56db279ba55b72fe652c4d35adb5353d250e955cb32e1e1addd56158155b6fc5b7775156dc925c6773c7d75591a45ddf757d44c74f69fd4395ccc38ad3d0d4cf5a9235999a8cdba1aeadfb693c31929ae5b5b55b4ebd1b78b8c937e5af666e570ba672f1b4b98a31f9775859195a3da68f4460b29a9b397aa684c4ddc9f4eeb6aad1c3536f9595998fcd4586bf1ddbb573d6d6ead3b9253686ab37775923e96f8ba8c8d17a8b39a333b5f318a917990f4b46df57347e68d8ae758ef14bc4cc79f562b45693cb6dcff0d564f4d66319926a592c34f05c5fb1b90ed93f85be25e935b3c514b56692c412549a15dad0b2b2b32b79be13ac75066b09db2f64992930c9b7318cdb69a949f5d04cbfc4bb9558a19eb419ac5b56b0bed957a66257c1182dcd59dd67b7c119c714eb59dc4a138f6ad146acd236d3718fc8568dbd9b56fc26bf278ce54724ed048cb0fb39a3f3576f7bddf78c582b453aab57dadf78c73798b6a6267efe6aa2134d46ab93d1b2546dabccb70fc3d26a7e8f831d8f69d55772f4afc4c6460f75385a36ddff0078a6cb218ec7e569acb62792b4d56391a19becfef29db44da3511bfd5c61e2b2f3c71f2239da35f36d6fac25d8ac86d5f77d4cc563888ef4aeb24752cedf57264dabf97a89763ee41174ed9372fa97abf0f94cf8f0d6ba9b77762769b77ee67533164760f94697317a8797bbf091bfce5338883339ec9438dc5d4924b1378635f17c4cde55f78e94ecab4447a370ccb34ab364ad6d6b5370f0fc2a7abc0566f9626b1d23cfc9a3063b73c4f9272003e89bc000000000000000000000000000000000000000000000000000000000000000000000000000000000000000039667d4b7bb38d7398d278b64aad46792c5485bea6c559bdb2fe1ea53a0f56eb0c06978f765f231c32370f9d205ea964f854e64edbf5ad3cb6a7c17681a6694d572b82976b34db7db4262e27253711cdef23335b4f24cea656e692ed5748eb98f869ed514a3c75e97f42c36bea666feee43eb53f6298fbadc67c0e525c7cde99979d198993ecb743f683a5aa6a1d32df45add856c41b57743c777aa3230ba77b4fd23f352ee995c853f0c767136f77e5dcac63e269315e6c98f9e3d63bb3de93af7ebb4375f7669afb4dced7df12b94a7e69b1bba6dbf147e22153e4f6e439726e8f6b752b2ed653a371f88ed6f270fcc994b78e87fb6ed9556fcaacc433b5da7a8b0b34789cf67eee5a39a1593d31b7958f3af82725279696ac7c75fdeff00467b63d46e2274a1ed63ea59d595fe92668eadcc8af7b92bf532c3e26dbea6da5979f8d969e5e2d274f2b8ad15232da55b7c390d36d5e5b6d91bda32b7a48b6431f053cd55c6c2b24b1ed6eed3337547bba7ef6d245ab2fe61f44d0d336d1a65c7c9b619a3f355f12afdd65e92b8bd316b164b6a7cbf6efe5f4731d796622fd37afdd0fa97b990ed8e38e38d5b6ac3f98c8c8646f2536956458b6b2ab6d5f0afa8d1abf2a6aaaabcbdccbfe23eb219055c2e7a291ba618d9a3fc477261ac5b51eb1e7ea9f118e2b96d5af684e3b30d7957404395cfb705caea5c96da74616e98e2857aa49a46f8bca626b0ed4b596b285b059bbf0352924866e54555538ee52b05b9d355ac37b38616666361a16d7d26cd90656e991bf0afa4d982f7e4888e958f45bc145e6f5ebd21b6d358e8b2baab2d2d8f6f0c2bdd635f87c4755fc9b711fc8dec8ae5fc948b1c362ccd90f8615555ff000c673a687a7f46d192cc8cad35891a4e67c4db98b3bb55b77abfc9d3476211f8c3165e6dd3ff00961ea9bff42ec1979725ade90d193273669889e91fbb09b56e8eb5d9262f0598a13e533734525c9ad2fb3eeb62c48d349d5eeb485552fb2fef154c88a496cab2c6b23491fb4fbbe63e7744969964556866f129e67199ef68e69ef1e8f3ef92d9277291765d9a9b496a69b555197757871d62392393c3374ee556fbcaa60e89b7ba9c325e95774c63cb66b55c7d8c6ac1bb9cbba1dcdd3279597f09b49f14cba7e8dec2ab48b557db4722ed91997c4cc72b96d7c711befbfcfee118adb5bf26567169555fa517214a1b11c7f6df57623fd9b7eeb1a7b3a6709935efd1d6bb89b122f31a165dacbf146c7b4f99c6cb8f69ead68972de6b533731a15f4c31f857feb3c468f14d3cb6b9eb3c93cccdd4d3336e6fbc5537e4af2dbaca3a9f36c29e15a2b4b5abe4acd991bc31aaf513cc4616a631564999acdaf3348dbbf0a9adc1bcf12b6d8d5772f51b46ef2ebd4d147f989c6f256226751e9ea944cb60b909d7c32486eb07d94ff2d6da6a1b19ce3561e985e2587749c597de2334e28f76e99a493ef131d31da9e0f45705c264685ce2963db73ab7057e0a6ae17161ada3c48d47c53c5cb6bfbdd96ce8bd1b83d2551a1c456f99a4fae9e46dd24849c89e0fb40d1b9aabc26a3a8b1fc387f5acd32c4cbf758f5bdacf015df915edf1c95965fd1063d79f237e13e8314e2ad6231eb5f07a1131ae893830f1f34f3d5592c54e3564e3c3e7e5717dccbff4ed330ba27690003a00000000000000000000000000000000000000000000000000000000000000000000000000c6bd6a0a3524b76a458e18d77337129ccf76b77e2c8cdc68c15d6ac7d31ac8bb998cf9b89c7875cde6aef96b8ff12ec2b7d6bda863f037b8e368c2b76d46db66f2ac6569a83b5ac9ea2ad462abbb15c619ff005ee549f5be9e055b90c9492e51a5dcdd521e7715ed2ed5c5f9b2e5e277d28bbd7b6bbed918d24c6d28218e45ef1e26668fdd2c1ed4758c3a5bb3db5a8aac91c92c91aad1f4c9249e139067c832da5f7a3dac7de6f57e4efe8da5a5edf1e655a171a785ff00c9c176f2bfd663afb4b2e3e7ade773e5f046388b56b3beb2c4972b66de424bb72cc93d891b749348db9a4633accf04bcead37d5b46aac6a68e327ad3476f29d2bbb72d5fb493e2f4995908eb5be749340b1b4cdccdd1b7529561dcd54d37dd687c94b5cbe035059ecdf373ed86cc9cec449e993cd09d5272d4dd94e5353fc9f70196c5716835550e65ea4d1f4c9346d2348b1eefcca595f27eed323d6b80e18ecd4a906a7a0bb6e43e169957a79db7fc5e963dfe1af3cb116f387b1f8eb17fcd6d90fed2b48d4d65a71e84bb62b71f5d49fe6fab93f85893d3b105baeb66bc8b34322ee8dd5ba594c934cc56f1d7b2331be92e19d5d5ee627338e86fd4686dd4b4d0cc9c7ca4d5a28e58f90cbef4727a4b2fe539a461ca68ab3aa2af0db91c570595b8f0fe66855bab77c2bc598e74d7ba873b57170d1b58fb38eef50c3263a6591561b91f99998f94f6b7b36d932d2d5ed1b8fa4f564cf866695f86e3f96f352e97a991f6b332d4b8be1b50f9be252bdd4ba57331c39089a5a1cbb0bd3335b555fe23d2e41b6199a4ddd2dd5ef29a9d3cd14b4f9ecabbb775315f816e16b13cdb8f4f4519705b0da22676c3fa1694f4e1a9906b32ac7e2e4b72f71bed2bed26686bc0b1d38d7970a9e3908a46c4da6a7d5372fa4cad38ab5a1b12ab374ab36ef8ba4df86d338f732dfc14d6959bcf92c1d03a7eceb0ced1d3d46366ab2755db0be186bab7b46ddea6f09e5da4656ee6751649af4ebdd70b2362ea431fd5c7b5ba9957eeaa9e1d96eaacb698a9948285bee505e87936eded693b82ff00ce157cd22f954dbf68798d0793a386c7e8ca576ac78f87bac9de2058d668ff00798e618a64c333bd4cff00e74669fc13699f7ac8ae938b9b90b5519b6f78a8cbbbef29edab238229a3c7d35db0d78f76df548dea635304f8fc658aed24ed6ec46dba15f2fde32ad59e7b4d66bb37fd5b2fb45fbde62888f779675331fb2aaeabe5b960b5e9e08e4e95823f2fa88ce91c9cb7e46c6e499a6ab333490cde6aede565624d4f6cf796565dd1c2db9b7799867b1f46ad7efd56a475a4dde25e9e9298cbee5a3f246f7b5bf14b67da44ba7e5c154d4d4a14c4e4619169e5e8c7d31fbb621f4ab79948f412f3563b326edade1999769b082e2da8f9f1fb4665db342c6ca8e420558eb495a36aeabb561f0aaafa76945f8b8b46b2d67e71fc9cd168ebddb0c547756185956daac8bba3e9f12926c5e9bd4796e3f3c189c9cdc7d5c96da67f63593d3d81d43159b36ec55a31b348b0f548b1b1d3384cce2f355bbce2af57b71799a36f9fe637705c2e3e27ac64fa74dacc38ab6f351186ec83575aeab8d53191ff00966dd27e5fe22516fb03d2990585eee5331de638f6b490caabf95958b881ee61e030e2f2dcfc5aab8695f2577a73b1dd0185e1bd70699097e6f15ff6ff0095ba4b0228d22458e355545f0aa9e80d54c75a7e18d2c8888e900009ba00000000000000000000000000000000000000000000000000000000000000000000000000426c6b65c567a4c66a2a5dc2366f616964dd1b2fa9bd242f92b4fc48dad15ee8c7ca0b2b62a418dc7c5d30cfb9e428d9e5dd1b7ab731d35daa6965d5ba55a0adb1aec3edaa37f94e596dd05a682d2b4122b6d659176ed917d5fe13c6e36934cbcd3e7a62e22b317dcf66bf1f5a4e6586eadcc6afbcee9a3f894912cab04de9223a8645ab9469e1fa991b71e35abc99a3af4fed45ba995dd1de8cd9697ad16e932d63cb237765f7bccc46f33925e746dee9bea32edc6d58fd3095e6df36fd748c759664fbaccdf136d3cef36e8fe23ea9b7534bfb15ddfbaa7ce2eaddcc65ebe3a856926b52372e18d7ccc6fdf2c4447a2cabb27b245dbd9969c4fecc7c3ff814c7ca3f4549a73351f69da36db51cceff00d6eb43e29fd52a7ef166e635be92eccf4dd2c3e4f2a935da7523856a45c774d26d5fec29ee1a8723da1ebca314f224534d22f0af5236fe8d0ff69ece5cb58a57177b74fa37c65f0f511dd667c9bfb40c26aed15571f5a758b2b493e69eafcff9a3f5465ba73bf6cbd905fa7975ed07b2fe2f8fcc41c78cd6a8d4e9e77f6c90fbdea5f0c86dbb1dedc319a939385d58d0e2b3de1fd3d30cedfb8ffe434e3bf24f25fe92d1358ffa765c39c828d9c35eaf92e0bdc64af2258dfe1e5b2f51c17c70f7f596a5d3980a57a4bb0d9917175646fb38d59bda2af95797ba43a0be573afb8e3b02ba1f13370eff00935fd7bd50d7ff0078a6fb25b973434b8ed756ac54e357bfc9463a5349b67b1ecfa9a3f75772ab319f3df9b2444768eebb1d755999f37970c8d6d09da0df9a5abc7274f0b72cc2d14bd5de6155685b77c4a44a0c45f93136b5155c6b54c1e43232770dbb9a15f17b3591bd3e1dcc4b97ff00c5faf36e72b7725ce65635bb1c2dd51acd22ee58d8bd7e5494e9627b1ea3a670b5e0821efd5618eb2f4ac70c7b9bfd9c0a270466c768df4855c461e7d479b9ab37a6b51e9bd354b3f99a4d428e463f9e8b34abd7b97d3bb729adc1d9bb3e2e3acb655aacd36e8d64f1471aaf97cdb7f78b2b218ad43dbb7d0385d378fe30e0b0559694d93b3f53e5ddd5f6cdd3e152c5d69d8f623427679c67c0c335fb35fa6f4d371ea9213b3c2ee9311db48f2d31629af7953fa5b3189c6645e0cae9efa5719b3aa06bb242d27bdb94b5b506bdecae5ec9f5154c261abe1f21dc65e4d56aaa8ed37cdd3b64febfd25197b6aee68db6d7f36ef14678ae3da5abb5acc724732fe253cd8cb7c16dd222627bf48639c93598c91d627bfc3e0d6e5d16a586a963aa1e9dadfc27d51c85ba9e16ef70fe636d8f5b2d0ad19b9725c8576cd0fed17cb22eef16ef319d5b078496c2cb7aa64205dadb968b2ab7bbe2335e7579e6e9fb3365c76a6499df7eb13ea62a482e5399abff00d67bcbb7ca63ea17fa4f9386aaab242bd575bfc319ab89aee32e7b18e78e6fb36936b7dee9fde24183aad242cb0ac7cef1337ed18b31d756f12f3d1af85c1eece7c9da199a774258bf8c8b8d6e771bf6e4fd5608577181a9b1795d2b9b930fa8eaf1ab6e355e3fa3ab72b78595bcca74968bd41a2743e2524c85ddd93787e665863691a18fd2786a6ed4747e6aa70f9f4cc594957ea5b27046c9c0d18ed8694e6cd78dcf5d6bb42b9e5b6ed698dca81c45e555ea65dbea56e962c3ecbee6a1e19fab634c63eccf2336d919636e4b47e6e637849b7659a1a0cb5f5ce58c2d2a98ef174c0abde9bf84bcd55635daaaaaa69e1782ae688c9a9afa7aff008ee3c3cdef6f4fb001ee3580000000000000000000000000000000000000000000000000000000000000000000000000000000041fb59c17d33a6a49e1838c962af57e8f132f9949c0237ac5eb359726371a549d81eaa86de2e4d3376f235da527cd5559baa487fa8f9ed9bb2efe512c99bc12aa657e6f6d1796c95d7ca4b19a3f0d9c5b38ab7354cec9eda6ab0fd4fc5eeb11fd27abbb555c1cb90c0e6afdfa7074cf1f4da6aff12b6e653c99cf58de0bc736bce3bffeb2cde3f04c6f48a64e0b75a6931f72092b5caedb5a39976b7c2c45f2ecd2d593d51924d6ba9f3bab6e57c865b2143bd471edef11c2b1b48be96da685625b92341332f7e68d9a3656e99b6f88f272d2b6eb1e4cf68899e88ae5d5b7431aafb46558d7e22693c91ab471c6cbd2aaa69fb9f37574d249d3571b5f9934cdea653ce597bd5a864afece8f89b99d2d21098ada222610a2554e3ef31d8e5cf0415ebc7ceb76a66daaaabfe2f4aaaf51136d7f9bc577a8b4fced8d59bd9b588fd9ccd1fa799e25fba49b0df46b5eaf3ea1d2991cc6363e95a75e692bafc5b97a8ddd1ec1f536b2d4cd3ae946d318af2d79999638d7e26dd2486fc14e7eb11d56c526df8502eca748ea9ed1b52772c2f97db5bb527d5c3f7bccc764f62fd9352d07befdb9f85acacdc3f4b7f6121d05a534f7669a4bb9577820823eab36a5db1ef6ff00292dad3c166bacf048b24322ee5756e9653d5e1f86a639dcc7569c58629dfbb20e7af952766380b184bfaf2a4f1623350afb5fd1f3c391f4a48bfd6c7429cb1f2b1d59c2fe7a1d270f1e1c2b50e1ce9bde99bf98bb89bc571cee1b315666dd141e224ef324967299058e455ea9269b749f7b71b0a5a660cc5eef789fe50ea16ddd31e3e93491afbaacaac5f3f271ec5f10d0c5af753d04b56a7ebc6d6b29c38ac31ff3acadfe53a5a2458d1563555528c5c3ee372b2d9b53a8870b53ad76ae7a1c5de56c16521923585ae74f259baa3e63795a3f17c26fbb6deccef60ade9e4cf6aabba87319c9e459bec61dabb7e291baa4f519bda9e22a64fb6fced2b8b2ac335f855a48fc51ee58fa94da6771d9d8fb54d1fa3b54cf04bf42db8fe8e97cd729c9347b64f89793b7699e23962d588f3fe56ef7cb3b7516369d6c7d28695282382082358e38e35daaabfe453eee5582e5596b588d648658da3915bccac6483d66271ef6afd9667f4ee7a4931d8bb994c44cdba19e185a668fdd91548d63fb37d7f908f6e2f495f68fd3621eeebf75a4da7738315b82acdb7cd3af4e8aeb8e2b6dc3801b13355cfd7c3e7d64d3590f2b642392368ff2b6e5f87a49cd5c6e0f0591826d5990a79cc249ecd2ee0af2f14e6fa597c4ac751eba5d2bfc9bb326b28e836223ea97bf2ab46717ebc8f486475249fc92c14d8bc4f876d899a4e67bdb5b772d7dd32e5e1a9863d7e0d18f1d2d1cbae9fa3e99ab64b2973251d28ea55924f634d599b931f9577375337a9bccc59dd98f67f83d7b87bb8fbb5bb8ad28d7e79e176ef524d26e65666f2c6be92a79733055b50c134122d755dd258f2ab7a58ba7b09d41053d5abc99d64a9945585be2f298ab97c3cd58b57dd9e9b4788bcd66b4ac7bb1f7083e5f466a1e30d1bf8582edde74d252bf5e3f6cd4f210b6d9a3f8599772b173f66fd8dd0c5c30e43556cbf91f1776fb187f88d8e7eef0d01da44b9fb9d1a5f5124697e5fe75a37a3e98e693d31c91ed5f8a35fed24587d6d89cbeb0934f621bbff220e75ab7137cf0c3e953d6c7c361a5b731d557835dcda212f55f98fd00dc9800000000000000000000000000000000000000000000000000000000000000000000000000000000000043fb4fd571e97d3ef2c6ebdf66e1b6ba93039d3e5094f2706ad5b9678eea166355ab2795597c5198f8ecd6c58b9ab1fe2acf69ad370ab73d2fd3134966e334f619bda731bab71a1a32dec0e521c862ef59a1721fabb15e4dadf0fbcbea5637566b7995b6b7a8c568e2b71b56b0bb5bcbef7c2785cfcbdff379d5b6bbbe75064f1fa9ac77ec963e0a59665f6d728aac71dc6f5491f8564f5329194b31d1cb5758557a76f2d99bc5b58d859a7dd6d6d566e5b784d3e6aa7eb555bcb248bf8b71962f36bccccf59726d3696c320b264265ad1aad6aed37326f373bd26a752d169e9b3786c579372b7ba6ca8dedf92b94a655dd1b3346dea5dc6dacd65b326dddf5d0f512ae4e4cb11db53fa2ee6ae3cbbaf689fe74de616db5ec2d195999a4687a97d4c766619a05a2b5a399656aaab0c9b5b76d65538b7b18c735acf55dd3aad3c4cfdeacc6dd5258ea558e18d7ccd236d53a7f3da9f1fd9f69b58f232433e66c6e9bbb47f6b3c8db99bdd8f71ecf053e0c5ef7e91f7fdb5d71f856b44f642fb67d42d93d46d898dbf54c77f3fbd312dec332924d889f13370fe8bed21f818a360bd2599269ed49cc9a691a6924f53336e662eeec1e86dc35bc9b7f3cccb12fc2a51ecfcb6cb9e724f9eff002518ed36cbb5897adc54e8cf6e76db1431b48cdeea9c47a731b3ebbed52ac17959be9ac8eeb7b7cd1fd649f94eb0edb6df1a7d93ea393d549a2e1f7ba7fda501f24ec3bc9da8cb778afb2a58f9b8fde66553d1e2376c95af93d5c51aa4d9d650c6b146b1c6aab1aafccaa7a0347acf371e9cd3192cd4df3715a95da4f89bcbc0db69d46e54446dcaddb36420c7f6959ecb2db58163beabf79554de641711db0f6d58f9e27bb5a8cd89555997f4357923e12332a951e4d63cff0069181c366996fd793230c97e3ff9c7324ea26f63406a1c0f6b19ea1d98cd3715c271ef30d269bdb715dabd31b37bd21e557768dcf9cf6fd5b27a74f82f7ecb35964a9e664ecf35c7148f50d45fd566f2de87caca5ae731e3f52ffc2ee221a36d1705da460d9a6a3c3aa1591d7c517ff3ff0052dfec7b5ba6b5d37c5e75e465693726fd7e3e28e436e1cb1be5dfcbfa66bd35d53d207da9769183d058edd778bdac8c9c3e7af4a1e3d727c5e95229db376bd0e9d8ece174c3c36b32bd334bc7aa2abfc527f90e75d394f536aed4b241560b79acbdcf693349fe2924f2a95e6e2b96dc948dca78f0ee39add9ebaef586a3d5f916c8ea3bbb218faabd58fa61aa68967e6c6bd4d029d63d96763d8ad31c9cae6b665732bf371f9f8fd4d66feed494e6bb38d0b9799a7c8695c64b2b78a45876b71fc2553c25ed5dccf5472e59d6a9d1c638f7566f12c70af89bca5add9cf63f26a3b4b98960bfa7e9fcdf3a59a92f26493e18ff00a8bdf03d9d688c1ccb3e2f4d508274f0c9c62dccbf0b3130183d9d5a5b9ad3b63c58a693b8956517653c255e46635c6aecc54e3e2ad6aff43fc5b549ae9ec0e1f03565ad86c6d5a11c8fcc91618b6ee6f537a98dc037d71d6bd621a26d320009b800000000000000000000000000000000000000000000000000000000000000000000000000000000000010ded765822d0b79ad40b3556dab32b2f949918d7ea57bd4e5a76a259609576488de652192bcd598726371a717de8f91234b55b9957cbd5bb6fde317995a78dbf758b5f5976339ba16e5b3a7bf5fa9c7874aee55b11feeb14c6a1c4495af4905a827c6dc5f8a36fbcac7cf71182d8bac74fd9e7debcbde1f572582785ab4df758d4f239ad1c77239da159159a48d7abf0b1f4d4e755db62cc8cbeada7d45595b76d5bb27bd1a9e6cf49f49faff004a77e6c3b98e9eb6716cb40d12b3372fd3246dd267672de3e8e6a9d1ca4f660a6d22c365abf54cb0afd672fde368b2b3637e8d93aa46659179cbd4ccbfbdb7a4df698ecf6eeb0d66d7a1a9ce5876ac7bba635f53316db0c5b245bbefcbf5d7e6b725266dcd5ed3d9178f2b2e3b557d3b89c7b61e3864e752aff5cd4e3fb3dccc6549626b5624bb7afb4d626ea92c492349249f1331bdd59a6335176a92684a4b066726d539ccd53a7931f8b6b6e3498aa78d8b290d6cc4b66b536936c92471ee9215f85bf329bf3f0d6bc566f1d7f47a39305b363adbfede8dfe86c5ddd459dab87c67b49a6f149e5863f348c75d69ec555c361aae2e9fd4d78f6a919ecbb46e9ad2d86e13601fbef7c4576badc78334dc3fe92707adc270de15773dd562c5c9dfbab7f947bedec7b33f143ffde42b5f91db24b94d4b279a286bafe2690b23e5248cdd8c67787fd4ff00f790ae7e45de2d51f0d4ff00ce17ff00fa2bf2fedb6bff00e53f7e8e902a7f948dc9bf9294b014e4d96b2d7557e255ff007b965b0543da0eeca76f3a3f0fc7f4c34e16b8df99bff254b788fc131ebd3f343147bdb739769b88a3a57e514d4a9fb1869c94245fc31b3317f7658bc3fe307da170feb5e3fe2e59547cb0297d1fdb2e2f29e5c8633f346c4f31d9ca5a73b7dc76a8c8d88e0c5eb3d34afc2d3f1db1ad8855772ff98cb5af2e49f84ff8bb7cd5fa26ddb2f66d06a68b86a0c1b2d0d4f436c905c5e9e6edf2b31cfb90d76f2e7133984e16b076751d0e15f33370daabdeb878a48fd3cc55253dac76a192d5b358c7e1dde860a1e9997c334fef3fb86b34576692eb4832585bcd3e2ac770efd4372ed666fb193dd8f711cb78cb7d637695e4aeecf9ecdfb36cb6afb5b21fd4b15136d9aeb2fe58fd4c74e689d2583d1d8a5c6e0a9ac11f1fd3249e29256f53b7f5907f92f6ac6d4fd98c105c5db91c448d4adc5fd9c7816e1ab86c35a579a3ba8cb7b5a752000d2ac00000000000000000000000000000000000000000000000000000000000000000000000000000000000000000000000000003519bd3d83cec4b1e63134afaaf87bc42afb4fbd419ac5e0315264f2d763a9563f14921486a2f940596778b4de0d563f2cd77f47e5532713c5e1c31ac93f4eeaef92b5fc4b26c7667a0171b6625d338aa7c1a36569d605dd1fbdc198e43d69a75ea6727a15b5051ca544e1bbbcd4fa9e048753eb4d55abdb9595ca49257fd9af4c3f8549c7c9df47d2d419d9b337e159a8e2b6f7685f87ceb24cde66f84f1278aff009396b8f05397e3e7af932f3464b4452348df67dd8f5fb98d97506560b74f111c2d2f1f997f589d5787cfec63fde9084e1b54e7e28a6ad88cc6528519fda70863bad1b6df2ab48a77b9c1ddb0e161d21ae752e1a94df35685b757feef9cbb96337713c3ce2ad62b3bdf799eed58eb6a5a2b13d27ba47d87ebba1a635aded4d9d79eef1c8c6b5a6b937169268157fc44f3b5ac060b5246faef43dfa790e2d1f37215ebfccd27155f14cabfe22a0d154669f8d5c6e32a4d626fabeef1aee937178e17b13cad3c4f0cce2337269bd4de28b843d55f87bb270feb3bc3db25e26935dd56e3cdbc93131ad347d88f68d5f4ed9870d7a645c0dc6e891a4e9ab237fe5b1d36bc4e15d5d8dcd699d4f357ced0fa332137976feaf32f99a16f4979fc9e35f7168abe90cc71e3c38fe95c6cdc7f9b8aafcdec7fe9e1f31a387cdcb6f0edf7f068cb8f71cf5587db6d2e37fb27d4f57fada848df87abfd850ff229cb236a3ccd0f551493f0b7cc749eadc3aea0d2f92c1b599ea70bd564afc6681b6c91ee5dbb94e27d0bad7b49e1a9174cf3b179cb9de7baac77b6c33349e1fae53bc4dad8ed5b5636cd392f5aeab5dbbc8a931edc6dfca5726de4a5884ff595af1ed3b27a5acad5d5387d53a527fef579d5a4f8594fdc7f69ba72be732da8713ac31326772755214efdba380c97f69d26f5a5eb6af5f4dfeb1b518b8ba6e62dd1bbf96ce371f2e92c2e638da8d3238db9d10f9a6864e9938146eb1d4391c9e89c35ce36f9d5f01b64ab5fd3fb437790a39fd6baadb1f32cd98cfda5db32b757b3f5332f4ac7f94f6ec2a57d07dad5ad1daba8d4f62cd426e3c3c3c164f0c8a5939272db9b5a8edf47a95ac52baded6cf61bd98e3b21531dadb313c77a19a259b1b557f4c68bea7fd1fa789379255aff002898e2dbfd334eff008666229f25995f4e49ab3b27bcecf3697c93773e3c7cd4e6ea8bfda4a353c9341dbee90f9bc16b197216fbbd46a9a569488afac7eea39a66d3bf4403e4b9c1a3ed77b5e861fe89c339271e1fe9a73a30e74f91bb25fb1ae3507f564f2bf3f0fc7337fb4e8b2dc13ba6fe6864efa0005c800000000000000000000000000000000000000000000000000000000000000000000000000000000000000000000000006b350e4131183bb92917a6ac2d21b335d9dc6c396c3dbc5d866586d42d1332f8b86e393bd74725c67da56a1cfe77534cd93bb35d58fea57ece35f7548fd38a593773998b6f50761baffbcfcd4ede1eff00a66691a1fc4a60d4ec0fb42b3c36da9f0b07c5699bfc2a7879384bdad33cbdd8ad8ed6ef0af27b31455f6c6cbfba753fc9e7072e17b3b864b89c12cdf95adb2fbadfa17fd447341f60589c4dd8b25a9323c737662e1b96258f975f87fd85de5fc0f0138b27896f4d47fabb1629acee439d35b69bc26bff00950d4c171a103d1c4633bee7ff00bf91ba618d8e8766545666f0a94dfc98a26cc55d57da14ff0037375366e678787a6ac3ece25ff5713d2bc6e621aabd372cad5fd94e0b1913ea7d2772d692c8d0aedc5a5a29b96655e1e68ffaca9707f295c9fd131f099adc93faac62a36ff0cca75b9cafda3fc9b2cd49acdfd12c93546669171ecdb6487dd8d8cbc5d6f5ac5b147cf4a335b244472a21aebb64e3ac31b362750c552c517ea859b10cb2576f546db9b6b10cd3198a8cbc89320b24cb274b7ba6c3426269e27b45af8ad6b8b68e26568f937a168f9727959958ba321a2b486461e45cd3753dd658f92d1fde53c99e2f73efc6d4d78fc98e7ac343a47b52d51878d9a1cef7dab0f8a1b9edbf378bf3147e7ee4b176a994c843ba94962ef7c8e385bea6466ddb558e93e1a5b445ac72d2d4b52dacd1aed872f4fa6d6df2ac9b576cdf132b15069fc2e9ed55af2ec783bb7b2386c722f79bb66af769246f2c06cf12b6c7cd59dc47e8dd8f8bc56af3f6f56cf576bece6abc6a56d4f9749a9f0fe78de258e36622d8aecfb21aa2f66a0c3c0b59b16b1c966bdedd0b46b2171363313521e4438fa922fbcbd27ce32e4526a0b1b95564c92aadb9bab996397e1dccde23ccbf11cdbe68ebe53b862e238bc59abae4f94f448be4fc90e81825c2dbcaaddad6dd78acdc9dbca93ff6c8e7cb3b4af1a73e1fb4fc770e1f3d565a594f9b8fcfba16e3eca4ff00b389355eecb5f96aab27baabfbc6759e4ea2d1f94d139be3b2964e9c95619a4eae533274b1afd9fc45a29e0e69defcf5afa39c3713159889561a53537cddabe82d79cefd19ea6da7337fa7c53afd4c9f1316b76cb914c2ebbd27999bc35686578fdee4c672169cb9908b4ecd526e9bd83beb37ab6c90b6d63a27e553924c968dd3d98abf53671d6e6fbacb09e85724f24c4f78d3d59afbd1f56ffe46741aa7642b34be39ee37e55552ef2baf93956eebd8be9ce1c7f9e681a6fc4ccc58a6bc31aa428bceed2000b50000000000000000000000000000000000000000000000000000000000000000000000000000000000000000000000000000000000000463b5099eb7667aa2cc5c37490e22d32ffd90b1a4f93cd68aaf625a3e1878ab47f4542df3ff006b370dcdff008932ccc34ace2ad56c8f14ee7342d1cfb9be65e31b2ed6ff00514efc98f502e3aae4bb2ec94eb25ed3933ad09b8786e516e3ba3914aa67568f8a51d6261755bb10d5aef3d89238618d77348edb55488e7fb43c3d0895a9ab647770dcad0b7b3fc4403e51dab2a252ad89e1778c357aa5bdc7fafe6f2aed39f733db3e5166f6382a4d1faac48cadf94f2f88e3f2f8b6c58a3b79fc58b3679899ad5d07ab3b40c06a1a6d4752e82872757d124cb2715fca6ab15a97b3c5863c7c39bcc6036f4c6b988dac47f0f3376efc4c73ae43b41d7f7a3dd0e3685085bccd5bf798d3c1a9758c992855a78f2337969ad4e62c8639c99efd32f2cfcffc8679c969fc5a9751768726434de9b5d415b170ea4c26cdd35dc65a591615f532fa7de5295e1abd74ae79750c6ad6f4ae7baaeac3d5255b0beaf797f329e786d4da8f4ecdf486331f3691bdd4d3362efee8e66dbe6ab36e5211aa355e0731ba49b4f41a5b311b2ee6c4eeee7378b737776f0b12c7c370b79e7c33d75d6226649ad27b2c5d41db4e122a534d8dc4dbb3b7a564999615662bb97b4bd67956eff57b963618e4dd1f261dc41b3577e93b50a5783914e2db1c31fe5dcdef17ae98d3553118baf3c7073265f675beef898ab88c78785c717b57733db7d7e9f373a563aac5d1bda5e1aee2a16d411b69db8cbd515af0931a395c45e5dd4f294adab7ece6562939f01d5de724cbbbf667cd9b98da90aeead046abe1690f3b27896ac4cfbb3e9dff00d57a8da5dda0e9ac7e5f5e7ea36e8636d350dd9392d4cb1c732b74ab7c4abd4c43fb5fc8e523ec3e8c335fa5661c3df6d3b0c91b37326dcab3337c3b6353d3472d1d4f7b2d6ef40b430789a0b7a7936ed9b20be55666ea58d88ae9c5a3da576c9de66af6eb68fc75fef562b43e29a4f77cbe2f876c67b3ecfc7967a649e91e4f5b84bde6262dda3b3bcb40e31b0ba1f03896f153c7410b7c4b1aa9bf283d6fda2ea5c54d7b01c364192a7dde4a5e29249b737549279796bb9636fef0b1746e5b2d22596ca69abf8be2d3b33c935fe72b3336d5f87e15e953deac6a34b2d13de537045b0190cc71a3c321998e0e11d8ea8d6aeddb5e3f5348cdd5bbc5d27d57d55565b6f0351bb5a2eecd6a3b5272f8c7244be65daccdf89781273493823ba635250d4d13d9c4f1e33558db6f79e0ead1f193871daf1f4b78949108eae6b40000000000000000000000000000000000000000000000000000000000000000000000000000000000000000000000000000103d57af60c6719a0a3142dc9facb1336d854c9ed7f55c5a3344dccb6ce324edec6bc7ea91bf98e5db3a4f536af87e94d61909ea5593aaa63e15eafc3e1553cfe3788b638d5675f167cf9397a42d1c5ea7b9da3652ee3f0991e3979292ab4dcae9af16ef0910ed3f4e59c2e6a8ea86c84789b9464ee2cd1d9f14dc96997737baa64e99cf5fd15a51b4f69e4a18985374962d6ddd6ac379999bd4578d9f6cfeae9a59b6dba74e1e7470daf690ab4dd3bb6b79997cde23c5ff00938f244ce3dccf5dcf667adfceb33b666a3d5f90d5ba66d61ec52c5ada8ea43716f2aee93211ac9e591bab72fa4ae74f657138cce43909b17f4a42aadb5772f8bcadef6df49957274c3fd1b2578e591b17cee6346aab1b42d22ee66fbadf88d3dece6365cb490438a59da49a39245b4bb7a97aa45fbde6fca5d4e6bfbd11b8d7dff6bab826f1169e9d3e7db7f14a3e9afe53e5a1a589c6dbc8deb5272e3dccab1afab73795554b23078ca987af26371b0453d8917f5bb9eaff00757caa573f27fcae37199ab98dc94eb51ad42b0d0936fb3f17547f131755caddcd7975e3da63e2b05af7d476f3f8fc3d218a6da9e888ea1c6415a166e547249e528ded360546ef3e6ddb57de2f6d553c10539399274af5492487386a7c9cfa8f50f06a7134b0f396bd38ff0068cc5dc1e3de7d523a4779f2f92cc74e69d30b1f56f2536c82ed6e4f56eddbb6fa4eb0d1dc8b3a4f1392f134d42368ca673da7d70ba761c5f4b585eab2dea99bc46db41f6a58fc2e9bab82ce54b6ad463e4acd5d776e52d9cd5e2f76a4769e9f7fb3b966b6bcf2c74f24e352cb0410d8b3624db0c6bba493d2aa5478bd41365b237bbd3c0d8bb8b1b4cb0d6ef12471aee65aebb7a97778a632b5feaafe54607253d393b86368b46ad0c8cbde2f349e1dabe95f1189a4f4ae4ac4da551730b043905b534ddd6deeb55d61f66cb22f97d2a5bc160be2ace5c91a99ed1e958fe65762c514af35bee2172f63b93fe50e2f5966738ab6db2d93eef3ee55559a1585576a919a14f21d9754d6382a5a767d46b7f19629c0d0f856ac9b59a69898622b418aa30d4a702d4c7d75db0d78fc2beaeaf3337998ae7b54ce4f90d497b1f459a0b4b8ceeb25a5936ab2f8b92c4784cf339ed33e7d7f2e8bb82bcdb24d7d61a8ccf6bfafeedead3ea1b97d6e61b8ed58e655f52c9b64555566ea86162673f6dd90b985b58b9b299abf364161866879d5e393cbba48f931f9a32b5ed1b5b54d51a9b2990a38a5ddba4f6d36d924dbecf6b4922f9bd9f88f3d6dadafe41713828635587136e49285a8e45919566dbb97c2bbba8f626663a6decd6b5b6b71f7f4d3acadebbc15cd32d466a58bc5ccd421bd1d586391abee69b6c6d1ccd1ac6cac63eb2ed3b4fe3b4a67aff0bf7df3b4774cb6156d47596c7963566555f74e645d697ece8ecb602d2be4a2b125386bccd6a38e6863aecd2346abb7732fde24dab38d3ada4e0eceb1b9ab9988a67ab62edd9afd7ee2d232b3491d793dd6f531673ed4f81589eae85ecdbb43d3b6df39522cfdaad4e28ebcd0f1b7ec5a3ef1b565555917c4b2756ef0b738b4b50cd95a498da78dc841c2c4cb242d25d8f77863ddce6dbb7c3b7ddf11c1b96d4b86b33e0ef2e2a66bd0e2a1ab7e6b1ddf6dc91576f4c2cbb7a7d458da8f5ceab8b3187c841ab284e9263b75e5c4c1ece9afd7475561dcad1eee5aee66625193a75576c1bb44474dbb070975af505924867866e1d32473aed656f37e9f0b7dde9368567a26de3e2831977296e957b53450c9f35cbfb9966921566e4ee6f36e2cc271d59e7a0003ae000000000000000000000000000000000000000000000000000000000000000000000000000000000000001a9cd65971dc15563e648c1d88db6c0afad6b0ca6e68e1ee8adeeab310bcd6bbd6ab24cb5d924dbe5aeaac439e1d8accac0ed1aed66a5c310d0c13b58daccb22ee55556dcadfea2a6b7c6eea0d4ab83c541cee2de266f0edf349237a48a6a1d67ab5da49e6effcc6e966ee8436f6b6d4513346b7afd4e62ed668fd8b31e6719c2db899889b6a3f8f4576e166f6eb3d18bdb864be85d696b4a53bd3ccb1c9c96eeeaaac45f1f5b2585d2bdeebdb92b2dab7351bb23752f52ede631b8bdacf25ba666b6cb33757324f3105d6798b37a9cd15e9e0b3fadf33aa4dabb9a3f88862e0698bddc71a8defb2cc7c16bce35f260b64a7c9bedb92c6d24751aaab47f6de5dbf137c4683212595f695e48fda2b4db636f0f57f894fdad6a17ef11ab47596466665ddd3b7ccaa6be5b5b31fc8e9dd22aaf4f976b1b698b967a43774ac74ecb1747f1ada9a19aa64efad4bb0c7cc65f2cd1fa9496d3d6799d35456a53c836528c7e1efdd5f755bcaa40bb348d2de36e2c512b585997e793cccbb7a773133b780c6ac71dececf1c55e3fdb49b616f8bd47959f1c4659ad7b3c0cf5ac659ad61a8c864b537685d36248717848faac4d1f87a7fc47c76350d2cbf68d3e52287e6c760aab494e26e3e6f0c6c7976a1ab6a2e17f93d87491566dbde2665e5ee8fcaaaa60fc9ff00251d1d617aab7fcb2932c7f12b2b7fb0d3e0f2f0d6e48d6f7fecfc656d71cc63b5969ea3acb1c334f6195a6f137f77fef1423e51ed5ab1ddea3492336e8f6f579b6a96af69b97924c25e5a8de18dba8a8719906c65eb52578d649b6f4b6ef0fa8a3d9fc3d6b8e79637e8e70d862f59b4c6fd1bcad1d9c4d5b4d79ffa474f75e96693ab72eef4f579495f63f959aa6bbc3d299a3eef234d0b49b5559a498af28d99f239466b0edecd7d9aaaf49bcad14aacb3c6cd1b46dbb98bea5ea34659b47bb6ef30ef113689d5bbaf0ed5b5a52d290ac1d33dedbec2afef37ba50b8fcadebd6b2192b96f75af2ccd1af8b7751e1adf3b6f50ea3b592bfb5a69a4e649b7e1daaaa6a28cb0c7149b9799c1bc3fc47787e1631526de73f7a87a1c1608c54dcf7949f55617158ee141ebe45721de714d6ed73236879333348ab1afa9b6c6a60649e5e7c92acfcde4c71af33774c6de1daacbe235797bdfaf33c3e68d7c3f98f9dd1a576db1ee6fb3f37bcdd26c8eb586ca5a3729564f233cb539326596ea430c31af1e572f92bd4bb5ba559be227b5fe9dcc673197f5166a4ee6ddf3c4b55b7495eaf4c6abe5dcacabb98a825e3b9ee349273bcb1c9e9f0f84ce5979590863e7c7b646919964639b9dac9889ac365a9f18d857919acd29e1b1ba3ef15d95b732ac7274c7bbc3d4a6f62cae25b85eb734d3d2b51d286ad0ee353990c932c7d4accdd4acca5792b40d67732b799a3f36eeaf09998bbf2c5d313ac2b349cc936af4b6deaf08ede4e4759eeef3f936e86d3da7db5236367a93546c9c91ad3e312cdddf6aaf4f786ea90bd4fe64e8cd4b97c7d59b6e76fb6e939dc95b6cb1ee6f137bcc4d29f691a817ea7293ee5f4db62dae4f831e4c3a9eefe818389b15da5ea9dab1ae5324cdfddcd2136c0ebbd68d37d7e6a5f4c7b5989c5fe0a793e2ea305198fd63af26e5f26299b737db41b76a930a3ab329143bb216ea6ef4edfe125b739656182238bd5d05865599a0eaf347b8970dedcd68001d700000000000000000000000000000000000000000000000000000000000000000000000002bbed578c9526a7763f0b2f24b10d5e7b114b398e9286423dd0bff674b2b7a9788763a284b39993b8c72472f4f33ab96dbbde223f4d59c7e3ec59af3cbbac4fce5924fcabb4b5f33d92e692666c1ea086787cb0de8b6b2fde5fe1207aaf406b1c362e6b76f130d9a71fb491a1b5b9a32b9a6d75726ba2313ea1cdab34ab65beaf97b7def318adabf28b0aab32c9eadca6aed493c7639ad04f1ab37b45dbbbe135f259819772b49b7e12a9c6b632c79c3713eadb6d1f563e84ebef42ac6aece7ab4fbbbd697c3cff00156535372daa6e963ea6dbd319e3164e0917a9557dd66dbb484e39f5595c95efa86677ad36ebb64d0f85dbeec2a78b56d0f278b42637eeee531fe90a9e18d954fa5cad4e637546ccadb88f25a3cd2f129e8f6a9fc94c7ccd3e374db5066e9668646f09e6d57484b905c84d86c84f697c324965a4dbf88c7972151fdaccabd5f9544590c7b6e8ba576b74aee39e14ccee51e6c73ff5878cfa67415a99a79b0d90666f377b63ea0d23a023937438fca46cbe6599b7190b7a065f147e13ea2bd12aac724ebf108a5bb44f44b78f5ae586659c669bb551a94ab926abcbe5edf77cc69ff909a01bec3286ca4bd11f3164e26591963f0fa8e56b35ed2ec7871daaf1a7a2744c0dcdaf16495bde90d92e98d2d25768156eaafc5b4c15c86d91999babd27b7d21d3d2cbee89a6e7728dab8ed3b9ac6de2ba0342bb46ad52ef57aa663222ece7422f8b1f3fde9a43e60c9c0b26d5fba642657deea3b113ea9cdab2fa8bb39d04bffecdf8a793f88ca8bb37d09fff0017f86790c5fa55557eb57e2563d3e9e5f2caa4bea8c4c4766545d9f685ea6fa123f7b74921991e87d13137ff00a771df998d2ae7b6f8645dbfe163e9750b2f8a55dbee9dd1168d69bc5d21a1d5976e97c4fe163d170fa4a0668a1d37858d97ff00e9291b5d471cb236d9d7a7c5b58f9973d1f57b58c6a5ddc261159a5521db5f17898fe1a519e90669a055dab597de5ad1ff000907fa5d5bc53c5f88f9fa563fdba9ce59f226f5f82c0fe56643cb6e45f85769f3fca6c86edd25b9ff00d231055c9c1e69e3eaf0991164226daaadd4de13be1d9cf16a9c7d393cacacd3c8c6445929fbc46cb2c9ef7f09a9d1da4f516a6b524185a5bb96bb9999963552cac2762daada54972393c6d3e3c3fa9774dff893ae395539ebe468f6b391cbd5a91fda32a9d0e44345686c6699e1ce5924b773fae693fabe1525e5f58d325a76000922000000000000000000000000000000000000000000000000000000000000000000000000000018f6abc36eb495a75592195191d7fb558c80072b7683a7be80d43262ed7542bd50c8df68a427278f81a66b2cab242cabe6fcdef1d43db26955d43a7b8d885375ba9d5ff591f994e6ec847cbe6516555f356dabe6f17e1212b288be4e8b272e4aebbbd4bea5f758d2e42b2c8be1e966dbe2fcc4dacd6e5d3dd615b7378bd2acc68ecd6f12b2aee229c4e911b38ff68cccadea315b1fe95f1794df59ea665dbf11af64debca919b77a94e26d3ae3d5999957ef7a94363eb37d82ab794dd98d2ac4d32cbb9be156e9623b7582b8e8fabd2a3e8d89598d92f56d1b54eb9a6b7e8d8cf3971b12b36d66f8771b4fb4dbef7518edcb599b732acdbb731c994e2186d4d76af56d6f29e3063d5bcd233378b736edbf78dd2aed56dcbb7dd3cf90abbb6ee5693d5d44799d88db4b671bf56d5da55e96ddcb63d3b9f4f532b379b6b31be5a8bb5999999bd5e6531f9712d7dd1c5d4ade11ccec561a9828c4de663222c62f2d8da72e06dd2b2f89769ecab02a8e63961a75c62c73374ed53dbe8d88db72d58f9e95e91b7397d1abfa3e26fb256f51e9dc625dccb11b055dabef1e8abb7e261b7795af8a8ab6ee93320c7c5e9632a288c8eead2ed91a56816324e4c69f5163e248f74cbf789060f1cad6b9fc85f0f4b7ee98b163dacb2cbe5ddd2bea52ecec5348a65330991b50f0ee941b77c5279549c44ccaab4e966f647a67869bd2d1acd1705bd6f6cd63fe9f2a93800b598000000000000000000000000000000000000000000000000000000000000000000000000000000000000000039dfb6cd1ef86c9fd278ddd153b527322f9bc31cde68d97d2c7441acd4788ab9cc44f8cba9f3c332fe1e21d8e8e33b8fcab4cb3349d3b7a99bf2ffbc6b658b950b4abbacc32787a76fbc581a9f4dd9c2deb942587f5a85ba24f17490f9e5976aaab2c9d3bb77ef7c2c5731a5913b45ecc5b7aa366635b7a39555555b6b33120b8bde61f62abb5babef1a79e0668f95ccf759bd2c71386b55a7fb655f87ff9e63ea5fa9e991a2f49e9cbf79b6fe63ce74655dbba423a4b66f55561e16daaadd479f8bdeda226565f49c75e8bb5772aaedf50546fdaedf74c59646dc7b452ee879be5f782713a650eaddd2df129e314bb99bf2b1f2d67c4aaadb7d472674e446df53fb786489b72ab2f5058a268d59559563fb3653e62daacd2eeeafca7b2bab3789b73794827b7cafabc5f9bf308beb197aa43eb97b63dabe55f5751f5132ed91bf11d36fa5e95663e963daaa7cf4b7486f0b281e9d3e2fc2a7b449f88f35ea322046f17abca7744cbda08f72acabb7a97a4caad17b3e7b7d5a9e3144cd2754aaaa48b115b9be1fb36ea25084cb7da2b0767277aad2acacd6266daabff00cf49d59a5b0d5b4fe0ebe2eafcdb63e1d4dea6f3310dec6b4836171bc7317a3db7adaf4afeca3fec2c92eac6a192d3b0004910000000000000000000000000000000000000000000000000000000000000000000000000000000000000000000041bb54d29c7506238d8a29ffd4eb2ee8bd522fa4e6fb353aa489957dde9dbb4ec9298edaf4571e12b6a7c62fb26fe9f17fe71c9761cef72ab2cd24aaadd2dd4be555f74d5dcadb9772b130caa72a165555dbe9237938e2e66e8d99564ddcc52131a5b128ddc4f32aab186b1ed5e966653713af4b6e65e96fc26be58f96abe55389b1563e52b49f8b70f1336e12c1ccf14ad1b1f317896266ea8fcacdfe220944ec9da446f529e713ee6595b6a86591a48e569f6c222adb5b7336ef484eaf697cb2c8bf136edbb4f38ba6368e36ddfbcbea13c9034cd599bde3da0e6cabba4e95f4b311ee90acdb559772a9f5079ba597dd3ce593f1794fa58da3f537bc707a2cbbb76ef2f94f45ea5dccacbee98f148aacb148656e5563b03e99b6afc27cd65665e6b799bc21957def519048164dbea918ca823e52b4f22b7ba79c514aacdcb553614e09199a2566e95fac111b56ccc440d2fb593cdb76aeefc45d7d87689fa56f2e63230f0ee555bf47f7d210decbf46d8d53998614e9857aa69bd319d5b88c7d4c56361a146258ebc2bb6352dad75dd4649f2668009aa0000000000000000000000000000000000000000000000000000000000000000000000000000000000000000000000000f3951268f8c722ab46dfa19789e800e6bed7343b69dbcf629ab7d1967ea5fc5cb6f49555eadba8b4b22c93c6df667705ea95afd592a5c863b15e45db246ebb958adf39d8a691bf334f59efe324fee27e9fcdb88cc6d28b69c8b66358a4dbd526e5e9eaddb97cbb8d6cb22cbe6656f329d417fe4e559bfa1eabb0bc3fb26a6921a0b9f264caf1eaadaba9f0f8e81cd2717f573b7c2c79f3551774ccaabea2f99fe4c5a93c50ea1c67e0e3ffa188ff261d71e5cce9efc527fed9ce594f9eaa377abfdaafab72b1e32caccde6e5b78957c4c5d927c997b43e3e1c869efbb349fc27c7fc5a7b45fdbe0feeda6fe123cb297895540aaa8d24aacdf794f458d7c327c3b8b6dbe4ddda2f1f361beeda63ebfe2dfda2fab0dfe9788e59272d6552411aaafc23a9bc2c5badf26fed17cb3e0ff00d331f4bf26ced17cd7f03fe95bf8472cbbe2d54f26e558ff00c47a3752b6d56f88b957e4d1afbcd94d3df7a693ff006ccc83e4cbaabc536a1c47f9e51cb278d552464445e907c99337f6daaa87dd818dad3f9347cdfd2f56b37c14787fea7792519cd595054fc5e9625da334f5dcce461c5c11b589e66e98ff00798bcb0ff27bd2d49a36b793c9de68ff00b78aa965694d27a7f4bc2d1e1b1d157693eb24f9b74927c4c76b4d2bb64df67c685d33534ae123c7d5ea93c534dfb462440162a00000000000000000000000000000000000000000000000000000000000000000000000000000000000000000000000000000000000000000000000000000000000000000000000000000000000000000000000000000000000000000000000000000000000000000000000000000000000000000000000000000000000000000000000000000000000000000000000000000000000000000000000000000000000000000000000000000000000000000000000000000000000000000000000000000000000000000000000000000000000000000000000000000000000000000000000000000000000000000000000000000000000000000000000000000000000000000000000000000000000000000000000000000000000000000000000000000000000000000000000000000000000000000000000000000000000000000000000000000000000000000000000000000000000000000000000000000000000000000000000000000000000000000000000000000000000000000000000000000000000000000000000000000000000000000000000000000000000000000000000000000000000000000000000000000000000000000000000000000000000000000000000000000000000000000000000000000000000000000000000000000000000000000000000000000000000000000000000000000000000000000000000000000000000000000000000000000000000000000000000000000000000000000000000000000000000000000000000000000000000000000000000000000000000000000000000000000000000000000000000000007ffd9, 1);
INSERT INTO `plant` (`plant_id`, `plant_name`, `plant_desc`, `plant_price`, `plant_image`, `category_id`) VALUES
                                                                                                              (10, 'Brendan Roach', 'Minim fugiat id qu', 660, 0xffd8ffe000104a46494600010100000100010000ffdb0043000503040404030504040405050506070c08070707070f0b0b090c110f1212110f111113161c1713141a1511111821181a1d1d1f1f1f13172224221e241c1e1f1effdb0043010505050706070e08080e1e1411141e1e1e1e1e1e1e1e1e1e1e1e1e1e1e1e1e1e1e1e1e1e1e1e1e1e1e1e1e1e1e1e1e1e1e1e1e1e1e1e1e1e1e1e1e1e1e1e1e1effc00011080279023a03012200021101031101ffc4001d000100020301010101000000000000000000050604070803020109ffc400571001000202000205050c0409060b0900000002030405061201071322324252627273081114233334538292a2b2e21535d2f016314143516374b1c21821246171d12544548183919394c1c3f23655566595a3e1e3f1ffc4001a010100030101010000000000000000000000010203040506ffc400331101000202010302030605050101000000000102031104122131415105132232617191d1f01481a1b1c1152342e1f10652ffda000c03010002110311003f00ecb0000000000000000000000000000000000000000000000000000000000000000000000000000000000000000000000000000000000000000000000000000000000000000000000000000000000000000000000000000000000000000000000000000000000000000000000000000000000000000000000000000000000000000000000000000000000000000000000000000000000000000000000000000000000000000000000000000000000000000000000000000000000000000000000000000000000000000000000000000000000000000000000000000000000000000000000000000000000000000000000000000000000000000000000000000000000000000000000000000000000000000000000000000000000000000000000000000000000000000000000000000000000000000000000000000000000000000000000000000000000000000000000000000000000000000000000000000000000000000000000000000000000000000000000000000000000000000000000000000000000000000000000000000000000000000000000000000000000000000000000000000000000000000000000000000000000000000000000000000000000000000000000001e76d90aabe99d928c631f14a4c7d7e7626c31fb7c2c9ab22bf7f979ab97345136889d7a8cc01200000000000000000000000000000000000000000000000000000000000000000000000000000000000000af719edb61a4d34f2f57a4cadbe5793453f8a4adef148dca2674b08e7bd875afc43464763b6ba5a597d0dd89d8cbef24b57d63eea98f376d1c98f9b738bfd429bfb33fbfb98fcfaef4de435cea3ad2d5dbddd8d32c6e95af0389b419f0e8962ed7127fedb3a23d2df1f2b164ed13dda56f16f09b1f1194651e68ca327dba1700000044f12dd2a753774d7e2977547e02dcfc0b89e5a9be7f139b1f7e9f691fda8fe15ab8e67cb834c7d2698e34e9c9c5b639f85672dd4d91b2b979b28f7a327cefc432db1f26b923fe3fe7cb9f2dfa6d12e8b109c23bac6e21e1dc1dc62f4f472e555cfd31f365e547eac936fa0ada2d1168f12de2771b878e45d1a299dd678611e692975f1cd18d97d32d9f678f83294be3be8fd64b71beca187aab31fc56dd1fbad05c71952c9d4e751e6c5e17c4be256e36488a7a7973e7cdd131a74070df15f0f710f34751b4af26c8ff1c7bd197d992c2e3ce029df465576d7297765e2f2bd68ba6f837713c9c58e3665fda5de4d92f29d7c4f887cdb74de3529c3c8ebed2b400f51d0000000000000000000000000000000000000000000000000000000000000000000000000000000f0c8a29be995391546cae5e28d91e68a87bdea8783363d129e1e1dfa5c8fa5d5ddd8ff00f6fe4feeb618adab16f3089889f2e78e22ea778bf0232bf47b7c5de47e872a3f05bbed7865f75acf6b2d96a73bf47edb1365a9ccfa1c88f8bd5f3a3eabb4d1bbad46af75852c2db6163e6e2cbc55dd1e67264e152de3b30b60acf8ece58e0fe36dc68b3fb6c5cbf5bca8d9eb45d09c17d606a78871e30ba70c5cbf365e197ab25038d7a90a7a632cde11ba55dbef7bf2c2c897bf197ab3fe46aa874ed345b3b303369b30f2ebf153739759b8b3dbbc3389be29efde1d92344701f58197872ae8ca94a54f9b26ebd667636c7123978b67357276f1f955cddb5a974d2f17f0cc01d4bab5c795736aa3679b26a7e238d7d3832959cbdd8f85ba388a8f84e8f2eb8f8bb3e9947d68b49edf9727165f75e17369bcfaf78fece7cbe501d5cf1c67f076d65afef64ea6e9769d154bf93cee5742ea788359b6d474ed30efe7a231e69c7ca8fa328b9178a276e1e557e18d94cb9a326caea9af964c73326994a34c6b8c7eb49c9c7e665e3fd1e63eff004fc1861cb7adba7d168e2cdbcb2b22ebacf14bc31f35adf792ff0047caf2b9abe55eb6f87cd294beb293c4d54aac7eefa2f27951798b4dbcf7639a66583c1d5f3594faadc1a19f674d7e4f2c799acf8331632b3d5b251fbcd951af9699463dd77f1e6669169f68fed09c5e36d93a8caf8660d77f95e533954e0ac9ee7632f0cbc2b5be93859be7618b4f9f1f93d2a4eeb1200eb580000000000000000000000000000000000000000000000000000000000000000000001f8a7eef8ff43acbba68e7bb2a5fd4c63d31ff00ad4be4ad23769d226623cae2357e5f5b1443e6ba99cbda5c83cbeb7b73d1e1c2c0a7ed4984f37147aabf32add8347e93aded97c33fd3a8a3229e9f263dd945b478678a34fc43474cb5d97d129fbddeaa5ddb22d31e7a64f09ade2de13e036584071770a68b8ab0ba71375850bfa3a3e4ece8eed95fab24f8898da35b731f1b7056db80733e17cd3cfd14bc397e563fb459f8338ab2755cb938bf1f8b2f96a7cef57d2676c38a37754ae8d7b0b255f34a32ae518d9ddfacd5f991bf4b956676a7bd83677aec3fa3f57d17857e463ebdd3b7f672ccc56770ea9d3ec3136baea73f06e8dd8f7479a1267341f557c738d859f28f45ff00f0665cbe3a32f15167d27ed37c57646c8c6709465197864f63065f995efe63cba6968b43ee5e1e973ee757cb5fa328ba09cf3b0be31949e77c4b1f565c76f6dff867963c35bf1b6376f8b2f3a326c8ea530fe0dd5ae1df77cb665d75d2f4a3e18b5ef12d918c72231e5ef45b5380b968e01e1fa3ca8e14652face3cd8a3b4fbb08ac756d31b5efc796318c7ce6bfe23973e4765fd6463f797ad85fe4c63e251761dedc53fda63f89c7c9889b31cc92e05c6e5b2ef47265f8a4b846ce6ca951292978dbad7e834b2bf225cd75d659d9d35f8a5def17a2a9edf8f3736ca52c395781ecfbd67da932fe231e2ac53d489ad21beb473beab23d9d72eeafd194651e6703f10711ee656596476db0ed3cab3e1762271bac1e3fc5c8ae383c5fbf8f2cbbb1f87d928fd994b95dbf0ff88463eadc765a9cb8af6987f4073b698987d3cb74fbde6c58ff00c21d6f9564becb95a3d66f16ec3071ff004c6caba323f9cf81d3d8cae979d24d7066fb616ee2be6c994a3777651b25cdcccb37ff00416ae4e9ac46b6dbf8a899ed0e8f8f116a7fe532ff00b393d31f79acbfa7961971f7fd2e8f79a925b38c7bb2eeb1efd9f2f7a36358f8ce689ef109fe21bda2fd69cd3716e462f4f65d3912ad6fd7f174a5f38a2328f9d1eec9dfc7f8ce1cb3ab44c7f55eb9eb65d061ebf371f3a9ed71e5d12fe9f4598f5eb68b46e3c3689d802520000000000000000000000000000000000000000000000000000002b3c41c5ba9d47355d367c2323e86b55fac0e2595b9f3d5e1e44a1553ddbe51972f34942c9b23cb28d7cbf562f3f91cb9afd34fcd85f36bb42538c38d763b1e68d977618ff435b5cec36f2b652f35219d195f64a3297c5c7c287cea2baa32ed2c79769b5a7769dcb9ad7b4f963fe919498f7e4ca5fcfbced9463e6bce36c63e19562b12ccc3b396ceed914f6364df54abcbc5be55d91977655cb965155fe1518f8a2cac3cca3965f1ff0055be2988f2d6966d3d375b9bdc0aa35e7514e7c7ce9776c5ab59d7570cdb1ff84b1f3703a7d5ed63ff005f43435b9919465fce4917996d5dee68d9176465bd7c4fe6dbaacebbd171af08ee7961ade21c0becfa295dd11b3eccbbcb33803331abbe5e28cbd66caea53ad6b782f263a0e2095b2e1f97825d3e2c1fff005b4a72a77abc6a3dd35cbeebcf17605fa9dbe46159eb465f491f264ac6c313b78f3572e594a4dabd76ebe3b4e0c8f10ebe7195b85cb746dabbdd16d12f17434961ef3c9c8e5f59c39f8b5ada63d259e4ac6d5fdae35fafcc966ebe5eb2f7d58f5ad9ba7e5c6ba32cbc1f2b1bcaafd54167558d2ef577f2f8943e2185faad97c2e31e5a65f29e8c9c7f332619d4fa789611334f0ee1e1cdf6af8835b0d86ab2a1914cbf8ffcfde8cbcd947c9939eb6b7f2e6657a374bf12b7d5671a4b87b89b1769cd2f82fc9e6c7cea7f2f893dc635fe8ee28da635928ca3db4a519465e28d9de8cbecc9acf2ff0089e8b4c7789989fcbb7f66ff0033ae22654fe2597346cf564dbdaac696260e0d15f869c6ae3f75a7f612aa52a7b694635f691ed25e8f33238c78d2fdd6659562cafc6d6c7e4e9f0cacf4ac473ef5c715f75325e2ad95b1de6beace946cc9afbbe6f7bce5376fb3b63776f8f194a51b3b4eda31fb2a5d5b2955e294795f32dd4aab252a6f94795e467cb972d7e9ecc26db7d6cf2a56e44b9ac94a5e54bca61df6f764cefd3d8d93f179d1aec8fa5179e4ea30b2e994b5b9d2a25e6ddde8fdaf13cec18fa2662d0ce6145de6578bcd8b33518b2a2cae567cb78a5e8fa2f1bf519787bae7da6372d38b18d91f2abba5e4f2c92da5876b67359e2978a4eccdac78e22ace21218d5cacbbb49732edc3d3e58d72ae5cb243ebf0e364a5eaf7562d7e35744b9b962f1ef8f25beaf46b489f45eb33b09535d98f57ca479bbbfb4c1c5c4cececa96363c63297952f26bf4a5258b59a894f0f1e364bb0a7b3e6b25e54bd54e555515531c6c5abb3aff17a527d2e2e25af11368d78747cadfe081fd15a9d661f7b1239777957591f17d5239d8d18fc5c68ae2ccde463f4aaae679528c64be5a463b74c422df4f84f4b752a3e46f955e9464c8d6f18e6e3cb93e1767d651ef9c8a23cd2946326517bc7d99d29f366be1b935fc6d2943e3abaecf565ca9bc6e26c0b7a3deb236d32ff005c5a735fdbd11eecbeac65cc9ec3cc8ca318f3479bd2972bd0c3cde457ed4ee1b533dbd5b7eab216d7d165728ca32f0c9e8d5fa6e24bb5d64bf9ca7caa7f67d26c4d66763ec706bcbc59735367f13d9e372e99a351e5d58f245fc330075ae0000000000000000000000000000000000000000000002b5d616ea5a2e17c9cda7a631be5cb553ebc96541ef387f53bde9a3f4ae3fc2eba25cd0ae52e9e5e6fe9e98a9922d359e99ee89deb50e70d8711e3557761194afb3cd8f7a4c7cec9e2bcba79b1f86f711aff00b058ea2d66a757aaa7b3d6e06261c3fa28a635a45e7d7813aef6eff839e38f3eb2e30be5c4d2e68cb5f97447d18f2bc68d6eca5e2d35f7cbceb2ee5766e463517c7e3a9aecf5a3cc8fb3877476f477b5589d3fecab9595fe1f97d2f1f97feab3c69f497254759b79465cba2c28fb4ba5279fe8cd8795c3b8d2f679728baaafe06e18b7c5ace8e8f56c93125d5d70ccbc3564c7d5b98ff01cadf98fe9fa2b1c6b7bb96a5aa9795a2c98fb3cfaff00c5160dfac979d9347b4a7b48fda8ba9aeeabb4767f1646543fe78b072baa1d5dbe1d8591f5a98c88e372a3d2253f22ce5bf8265c6328e3df459eceee5fbb2e563e4e5ec313bb9119463e6d95f75d03beea6737def7f1278d99fedeec9af37dc07bdd2f8b1b268f5a3ddfd9475e4c53f5d3508e99af986bdaad8dbe18c628fdbd7645bd386babcd3558b4ec37d895ec3612ef7634f771ebfda93db6fc05c21b0e68cb572c4fecf7cab725be33826dd115998f7d76feba4dad110a0f521d6f7470b7bfc27c5dd3d395c2797d32a7a3a7a7a3dff80f37fe4ff1abfc432b741c419da4cab2364b16eece328f7a3657e2aec8fad5ca325a373d48ea2de696b78a7371bd1caa6364555bfa9fe2dc3eee1ee7479f5c7ceba54ca3f697ff0051c76ac445bc7ba939371a7a51b9e6af9bcd6464ec2bccc19635d546cf27bcafe670bf17eb65cd91a4c9f4a54ca3647eec935c3dc27c53b2ae32b30be014fd2652f6e760ad377b4447e3fa77fc89bd67cabb837cb55b0f8159294b1eef9b592fc2bc61eeafd962c71b2252becc3a634d7ece3e18fd57ce76b38270e31ab617cb88f3a32ed234c652af1eb97a5e73ea3b794be4e55e357e4c6bae35d71f4797c9789939b5a5fab8f5998fbfb6ff00979fe8c66f5acf6946ef3e132c7ec29a2f9734bc9ae5e142ca3b09465ff07e5cbd5a64b77e91b23e2cb94bfe91e32dad1cbdecb97da67939fc8e4de27a223f9cfe89b4f5cee54bbeaddc6b9591d5e6f2c7c5f17240dfb7f365ff00a97eccdf555f87262a7f1357a8d9ca57d77c71b33cab23e1b3d68b7c592fd5d392bdbde3674c6bb4a263b3e5fc31496ab75651e1929f7c6fc4b396e8c797ce8cb9a2f4ab3a3457dbcbecbbedc589d68885fb3b7d195328e472d95f9b2f0bd387b6baff00854632b3b0959f27da4b979bd56b99664be5b239652fe6ebf27d663ced95f6769759294a5f699cfc3ab31e74ca63bedd21a8a2fb6c94a98c652f2bbdca9cd7e1e6cb223cd897d9ece3ccd3383d62715c698d78b2c0c29463cb2baba79ac94bcee69785f393c4fc5bb0f9e7116d2e8fa374ab8fdd79d6e2e6d6af688fc3ba626de8eacc6dadfe1b3579f1e5f26ce58bc65c63a8fe117f06eeb658db0ecfb4e594a3cbecfd6727d119e4e64a3f0bbecb3ce95d24e6bf1a51f15b2f59d13cbcf867aa6db8f6d4436f9967476cf614479a5294bb455f3b67cd74bf67f0c50f45bb08e0e1c73a32f8665479a3f49647ce97ed322ab7123915d118f372cbe32e94bc5e8b4cbc889fc55b25b2b072e3838b934d7f292973734be4d136e4e2439a366d23297951c7ae56360636bf5fbcd1cb076518ca9b3c32fa3947c3244d5a3c4c4ba547611b2cae5cbcaa679c986b5988defd67f42f8e63c29ffa4af97cd6dcfb3d6972c5e98d571165d9f1744a52f4ac92fd87ada2af96a2b8fa2b8f086ab1b232fa39b1e32ae3de9464cb05791c9bc562dadfb47ea5305adead7bc37d5f718eca5195db0a30b1bca9f2ca52e96dce0fe148f0dcaeec775b3cdaeefe3ab2a55f4c632f3a3cb18acf1e87ebeb789f0dc7c7faa666d6f79ff0efc786b4fc401e8b500000000000000000000000000000000000000000000000000047ecf6b81acafa259d97551d12f0f34955cdeb234f44ba634e3e45ff00662a1f5c997b4da71974eb74fafcbccf81d118fc4d12b3bd2ef22751d55f1767f4f6d995431ba7fa3232797f0c64f9de572f9d7cb38f8f58d47ab96f972756a91d976cceb5af8f771b514f4faf9087c9eb338badf9be1eb71e3feb8ca5fe24c69faa7962d3cb91ba8d3e8e0e3f2fdeb2524c57d55709ce3cb9d0d9677b7cdb23f87955a70be2593bdf34c7e1aff10446696abd87595c6f559ffb43871f46bc6ae4c1daf5afc5f998df04fd2756379d653472ca4de789d5df04637477385f57d3ed29ed3f1247f82dc35ffc3ba8ff00b957fee7563f8767ac6a72cfe7327cacb3e6ce588efb2e574adb32e5294bc5e549edfc28c9e5ece5b0eef9aea09f0af0c4a3c92e1ed3f4c7cde9c2affdcc1cae00e0acae9e995fc2fa9f7fcee8c58c54ff0048b7ff00a57f87b4789689d0f165b553f06cae5be9f26cafc55fed4591b3de5b1bb9ab97c4ca3dd6d3ccea6b80f27a3dff00d17762f4ff004d1996747fe2d75d627006a782b13a32f17779b7c3265cb1c2bfa7ef464e1e57c22d4a4dfca97c17d6d57bf7529f8a52947fab8fefde47ee76989a9a2ccadd5f7515c7c387871edb32cfab1f0abbb9d86caa97fa2df1c6e6f363defb4aadf93931e6f145cbc7e0d6f3f5f68f68f3f9fa31a6089fb4fcdff5d5b18ce5470ef0f55a5a7e9b323db644bfc2ab7f0f773b0c8edf3b6d766cbfae927afc9beceed9f1887d860ebed8cad962532faaf5abc2c1afa2ba6df2223c273078a2ccbafe33c5f6ab78e76ce32f9194a8b3cde6eec947cac5f83644afc3be55d7e557e6faaf4f877691e595beac959e0d6d1f4f94742c1fa42f8cacf8d945e77ec2c9cb9a56f8955bf32f8c65f491f131e3b0b3bdde615e0e948ae960bf325cb1ef23efcb45fc3a4c79663aa9c698f2b6bb25be17146db93f1d2f45e7576f932e5a632949911d6ca3cd2b25197a31f0fda6f14a53ca5f3194acb39a5292530e861e0d49ec1ab9a518c7bd2f262e6cf93b6a159a6ded87197e5fcab15f8d5ebf4b2c9cceee4647c8d7e8f952924b47aed6ea34377126ebbd8f4f93e5592f26b8b5bf11eff276f99766e678acfe6ebf0d71f2631f462f3f163b726ff4fd989fcfee52bdfbae9c1357c32eb3379be2e3f171f4a5e52e993663697169bf2a3195d77cda9f2acf4bd555b599981c25c2b837e7551bf2a55fc4e2fd259e24461dbbbdd6759b4cc8db7dd778ace5eec63e4c63e8b0c9c7ebeac97fb3e9f7ad33af2d8146defb2575f75f6599591f2d74bc52f4560e1aaafbec51f5f8d938d1e6b31a5cada9c1999833c7afb1b23db7defcd17271f1ce6e46e67b431899b59b13872a94a9aebef463e53c7336b2b73b22ac7e58d3da4a3cd5c7c4fab73a389837594cbc31e58fac81c6b23193dd9c516af7875d7c2d5ac950d9dc3583f03c0f8c8f2dd677a4a87571ab8dfefedb263f1557c97ac9ddcf1df0b6abbb91b6a2db3e8f1fe3a5f75ddc1e3571ff00bb7fe4e9a57a6372b48a570f7587c3fb8ba5473d985d3e4fc2b963192e917a94c95bfd99db48989f0fd01748000000000000000000000000000000000000000000000000003f1fa0000000000039a7adfdd4b75c499967871f179b1e9f563fb5274b398b8bb5376b371998599f38a6ce6e6fa4e6ef465170f3baa6b111e196599d354ec2567692a91fed231e55bb61af8d7677a3e2f0ab3b7b289647658bcbe94bc9fb4f2be4c477f571f7843ec312a9479b0e5ff43297e144caced2b946c8cbd68a62fabb5972d3972bf9bc5cb5fc5fda60e762e4c7bd18c6367d2463de5a39518a7532bd6eaaeeb5f7c63dbe3cbb45665d9c6eef4655cbd15f2faf3b965cb7c7d58c628bbf4bf0bb256644799a47330cf78d96b567c206dc6bfe0f1cb8d764ab8cb979a51fbbeb451f28ac993876d58b6514cade5ed39a51e6f159e73c7135d196bf17ce97349a4f229adc33b5e27c2168c3b2ff00938cbd64d6ab867b5bbcef4a5e14f60eabc3dd5cb4f81460e2cf2f3251a31e98f3592979af2f95f14b56358fca9169b4e94cfd01cd9591afaf26385874f2c7232397bd659e55717e64eb3498d5f2cbe11747da767f8587fa432726cbafef7c7592b25f5a4f1b6db7965cd269feeef5366dd3dbb33a3b1c1c497fa1ea7023e6f695f69f898f93c676c733b396bf0bb38d91e68d35f67dd44db394b99135e0e5ec333b0c3a259167a2eac7c6c57dce5f4f79566b5b7959f8e38abf4ee4538d8bcd1d5e0fcda32f2a5e559240eaf1327679918e3d12ba31977bcdfb4b3e8f8163ddb775978d18f9bda2df87b3e12d2fc5c65765d95ff37878fddfb5273db998b053e571abd530998d78796b383361b5cc96cb65931b322cf37c35c7cd8add83c0be6d165fcbe54a5292bf6f597971a7b2d1e8b1b1bfaeccf8eb3f651b9dc51bbd9feb4dbe4df1fa1e6ece3f662f3f261e4e7fb53d31fbf6676a754f75e2fd56af5919559197855d9e6c6efd960d5c4385adb25563f365fa3e1fbca2db9dcfe6d71f35edafaafbfe4ebb2cf5629c5c38c7313d53328ae2886cae23e25ab7da5c1d6d32b2318d9db64f379de18bcf551e5e58c6f92bbacab3a3e1c6b7eb569ca2dd847fe292fab5bd1f9b8f1f969d75aac98de6d97cb94bedae31e5a651e543fe90cd8d7f1944bd6956faf8646d8f8a2f3f97f14ad63a68a5b36fb426b599dc9dd9785b0f8238bb698128d14e4f698ff43677a2d65afc595b25935555f8d28fa2e0e365cf7b7cdde95a66989ece97d36ca8d9e1c7229fad1f359cd49c21b7bf0e51be3e578a3e73686b3328cec58e4d3e193ecf83ce8e45756fb50f4b1e48b47decb01e8b40000000000000000000000000000000000000000000000000000000000001ae3aece1b9ecf452dc6157cd99851ef47dff0094a7cae86c77e2992917acd65131b8d4b8fb4dc1bc63c7defd9a4c4afe030eecb332aeece997abe29496de1ff7366c3a3bfbee27c5e9f470f13defef747515554531a29ae35d75c796318c796318bddcd1c2a6beaeec7e457d5ab355d49706e0c7a3fcd97774ff004f4cbde6b7ebbbaa48e9632dd70e51296b3fe338fd1de951e97aae9b14e4fc3b0e7c7d1ad7b4c7a2f38abad443f9f9fa2251af9987998b28c651763f19754bc35bde6c9c3a63abcde9e8f1d10f8b97ad5ff139efad2e02dbf08c637ecfa313e0d759d963e5c6eff374cbcd7cdf2785c8e2d7c6e3de3f7b871e5c56a7769cc9c5b65648d0e246db2b8fd1d698ccaacaeee594651933b84306aabb4cbcab2ba69c78f34acb3c318f9529396b9f7472c774a6b351e2b2e94631ae3cd2e6f0c63e924313aabe3feb4b17b6d1e1d1abe1b8479f17276174a9f86d9e7c6318ca5cbfc6d69c63c657ef79b07511b65ad9591a71e9fe733eef2652f47cd8b7a7525d7e4b53d5a6ef8578bb971777c3dabbbf464aef89964f630eee3fb68fbdd0f63e19f0d8adbe6e68efe9f77fdbb306288fb4e65c4af270771b3c1c8b232962e5c70fe2e5cd5ca5da72cb964f5d9e3592e30ccc1c18d9647c9a698b69fb99f8731b3faadeb2b79b3c1866f453af8d154aefa5f7ba7a7fdcc9f738470b7dd7d4786b7783857eb658974a58f2a7c528c5e9da9f56a911dd7d7888f56bdc6e1c8d1f1fb6bfbdff0027a65f8a5fb2c88e5c71a31c6c1a2bc6a63fcdd71fc5e73a43dd67a5eaf7abeeab6ebb51c25a6c5dd6cae8e260dd1a3a3a2557f2cacf7ffd5d1fdee4dc1cbba3cb5c65195d28d75f359dee69794e0e4f0f2479b7f2677a7425379b1f81e3c68a7e75777bd9c507836d91ef57b0c48fb458f89f473bb4b97c6dd3457a9d2db6763831cabb96cd8ca3cb194b1e3e2b23e54a5e18ae3c1dee67eb0b88383ba38963d1818775fdec7d666f4ce36ca3fedfe46f83856a535aefe57f976f6516bd8d57d3d9d9b2ae577952af164cac4d7614a5cd91b99463e8e34b99edbceacbad3e1efd69c19bac6a7cec7c7eda3f6abe642ebea94ac94657f7a32ef572b3bccf261d4fd533fd3f4535eeb96b6ae0dc6f15f9f7cbce9634962c6dbf0a511eed1b6947d1c752f0684d55afae51e59515cbd270e5e2567bee7f35750b96bf88f84bc3911d96247ceb313bab36aa5c25b2eee1ee75d64bcdb3e2e5f7b95adf0f13b3f0c6cafd592528c6e68fc6471acf6d8dfe28f2c9e6db8f5a5b53330ae9b33f82544b9a58f2c9c6f4b1ee94a28fc9e1cce8734abc9ab2fd1c8a63cdf6bbaacd12af1bbdf04cdc28fd360ddda571f5a3e24c6b373b78ca51c1defc3e3e6f37c67d992b6e27577a5e27f7fcd49ad5f52e5c6eee4625f812f3abf8cad31a8de51f219528fb4ade787c419797676191f06ed3cdb3199d46a357b094aacac48d17793763cb957a4e7c7da62263f2ff00a575ecb3686da254f35328cb97c5cb25e781b2bdfd9ca88cbbb6572935ce9381b6dd31b27a7ded3937c7bd1c5c8abb39591f5bc2b2756f7e6ff0aa3afd863e4ebf3b1ebb25651911e5e68fa3e4ca3e945eb70e2d5bd2dd3a89f5ff00c74e2eaada370db803e9dde000000000000000000000000000000000000000000000000000000000000000000035b7ba03699789c0bd38385295766c6ef83ce51f146bf28103d617ba2fabbe14ba5850ccbf73991f230bfcf1ff00b4f0b4475c1ee99c2e35e0eda70acbabbe6c2cea2518dd76d3a3df84bc9b2318c7c992bdbae18c1aa994abc68f6de772ca31fbb26bddd68fb2e6f294999842bdc25c47b8d665534677c2b275be5532ef7247ce8a538c38abf4d5591a9c194b1b4f5cbd59654b9bc5240674326894a3194a28bbe36dbf29194beab86dc3c36cbf3ba756fdf7d7bb2b62accee3ca431f757ebb7d87b2c38d7cfacbabbb1e328f3479ab97377a2cfe31e33da71aeff3b7dbaa70abcec9e5e9ba58b4f65194bd5f3954955179c6bb24eb8a474e969a6e34dadc11d6571670b68ba382b5191891d26ef9639d5ca88ca5d3da7765def558b4f176df82bac2cce20e1fcd8e2ece88f2d16cab8d9eff0044bbb26b78e2db27a4706d53a22262667c7ebb4453c6d78eb1facde30eb26ec3fe16ed219b2c3e6e8a231a634c63d3260606c7a30f612cf8c28be389fe911af223da5764b9b9631947ca8fa2ab7c0ef93da8c1be523252b33b9956f8e2676b56c3acae25cde3bc5e32cdb71f3f678bd3d1f058e4e34658f4463f271aeaf0c631fe85ff00fcadbae6ff00de3aaffe9f16a6a34b6d9e73223c317f9b26b176b1d9b6e3eebeeb77f96cd1cbfdb81ffe5e7b4f75271b6e7fcdbce09eaff73fdb34d3bbff0039a9a5c35971f27f13cff4664d1e2a252fab226ff727cb61f4f5a18f99debfaadd3e2dde76bb232316bfb329499ba5e2dedebf8ed34a897f57931ff1283af85b5d9e1e5f5a2b56becfabeac79597caa5ff00e2af4567d17cd0f106af65b2a75b665c702cb3bb1b333e2e98fad6786316d4a3ab2e2df157a2edab9786ca7269b2328fda73dec23f0bc58c7bdda47c32f29d4bee37dfe7e5f0e6c787b2fbd4e0f676e2fa11978ab616e062babf26a828702715e3f8b419b1f563cc89c9d2d765d2af3b12555d1f4796c8badd83b0d5ebf630e5cec2a723a3fac8b833fc0a97ef4b77fdfb33b71eb2e50c9d7ec28afc5f0fa63e1fa68fab2646977fd95d1a3339bbb2f14bc5eac9bf36bd5ce932a52b31a5762cff00d5de8aa5beeaa722f8cbe472fcd947bb63ccb7039b83c47547eff9fe6e7b71ef5f0f0d1ed797b1cbc5b632978a3f99b7759958fb1c4a33aae88f7a3ddf47ce8b9fa3c1dc5ba1ba52c5c4c9c9a7e8e55c9b0faa0decb2b273755777275fc77632eed95cbc364651fb32ff009de87c3b9534c918ef13116f7f7f2d705ad16e998d36700fa2760000000000000000000000000000000000000000000000000000000000000000000d57ee88fd4dadf6f2fee6d46abf7437ea6d6fb79039d388fbb8f26b9de3657137cde4d73bc5450f6bdd9495dc9af9a5e1fbbf9562d9c7e32481c99463292830fb28bea31ae3e6fdd7cca7e97defcc47d6fbdf981ed55916651162d50fdf9bf32530eb546561d714d60d1523f1ab4b61ad1dc4a61d516746b63e333aa5a078ca28fc9aea4b4a08fc98922265547cd8b2288be64c8a22a890c1add25ee3b8f2e76f3fb353f8a4e77d556e92f723c7973b75fd9a9fc525fd474280b00002afbae13d56d77f83bfe59626d706c8cabcba3bb6595c7a7bd559e7572fe85a044c44f944c6c01290000000000000000000000000000000000000000000000000000000000000000001ab3dd09fa935dedecfeee86d36aff7427ea5d6fb6b3f0839db89be6b26b7de3647137cd64d73bc545176fdd9495dbe3cd2fcdf9964d9f8a4aee759294a4a0c7fb5f7bf69f3daca3e194bed48e4979b2fb2fa8d5e8fdd97ec8992894a496c38c9838d18c65fbfeca4b194f51298914c62450f889ac35e3b21298d16746b61e2b320b547cc9877b3ad930ef2447ca0f6a22f99bda8544d6962e8ef7277cfb75ec6bfc5273ae9bf95d19ee50f9eeebd8d7f8a4b44f81bfc05c0000000000000000000000000000000000000000000000000000000000000000000000000001abbdd01fa975dedecfee6d16aeebfff00536b7dbd9fdc0e7be26f9bc9adf79e5364712f77164d73bc5451767194a5257f32be5fdff2ac5b8f1495bc98f34a4cc61f77d1fb31fd979c79a4c8ecea8f8a51fb517d47963fbfe6369d3eb1a292c38a3e36fa5f7bf32430ecf4bef7e65744a630e29ac343e1c9318cb4212d8ace8b07159d545a44687cc9877c5992e68b16f4488f9bda879c9ed42a27b46e8cf729fcf775ec6bfc52739e8dd19ee53f9eeebd8d7f8a4bfa8dfa02c0000000000000000000000000000000000000000000000000000000000000000000000000000d61ee80fd4dadf6f67e16cf6afebfbf536bbdbd9fdc0e7ce26f9bc9adf78d91c4bf35935dee95143daf8a4aee659cbe1fdfef2c9b5f9592bf935b3911fda4bce97dafccf48d7cdfbfe639b97cefbcf9ed644c2595554cec6ad1b44652f27eefe54a61c551318696c643e026b0d7424b1a5ca90aa4c3a19d18ae128b0ef654a2c5bd1223ed7b50f1b5918aa89ed1ba33dcabf3cdc7b1aff149ce7a57467b957e75b8f635fe292e37d80b00000000000000000000000000000000000000000000000000000000000000000000000000003587ba03f536b7dbd9f85b3dac3afcfd4baef6f67f7039ef897e6b26b9df794d8dc4bddc7935cef3c325451f67dd9495bcce694a51e597d9fcab16ce3cd2920f2635c7f7fcace446f61e8fddfcafaaaa8f95fbfdd7d7befc46d3a64d51aa3e6fdd4961f2a2eaf59258684a5b0d358687c34c61af1d954a637333a3293071521545788d04a6c3ca674a2c1ca5047c991431e4f6a3c40b0695d19ee55f9e6e3d8d7f8a4e75d2ba2bdcaff3cdc7b0aff1496afa0df602e0000000000000000000000000000000000000000000000000000000000000000000000000000d63ee80fd4dadf6f2fc2d9cd61d7dfea6d77b7b3fb81cf7c4bf35935cef1b1b897e6b26b7de2a293b7972d9257ef58367e29206fb397ca97dafccce530c3e5e5fdff31f5bef4bf69f528ca4f9e452252f4aa7e97de933b0e4c1a9218cb422531809cc441e0273116425b1a2cc8c5878acc8cb962b5418b94cceeb0729511f6bdb19e327b6302c1a37467b957e75b8f635fe2939d746e8af72afcf371ec6bfc525a27c0df602e0000000000000000000000000000000000000000000000000000000000000000000000000000d63d7ff00ea6d77b79367358fba03f536b7dbcbf0839eb897e6b26b9de363712fcd64d73ba5451f6bdeb2481b6bf14a5197d992c1b3eed9257727c52fd9fcaca530c594de7f565f67f2bd3b38c5f3dd425ed445258d5a3e848629ea25b0d358683c34e60aeaa630d9d060e1b3231911e42d60df26749877a663423e4c8c563c9ed42058b46e8af72afcf371ec6bfc52739e8dd19ee55f9e6e3d8d7f8a4b57d06fb01700000000000000000000000000000000000000000000000000000000000000000000000000006b0ebf7f536bbdbd9fdcd9ed5dd7f7ea7d77b7b01cfbc4bddc7935cef1b1b897bb8b26b7de2a293b5f1c95fca4f6decf8c920ecf5bef7e66729860c9f554632fdff33d2527cc652522769655518b32860d5193328e6455098c34c61a170d3186d5098c66754c3c69459918c640fa9b07299928b0ef047c9ed43c6d7a500b168dd19ee55f9e6e3d8d7f8a4e71d1ba3bdcabf3cdc7b1aff149688d48df602e0000000000000000000000000000000000000000000000000000000000000000000000000000d63ee80fd4badf6d2fc2d9cd61ee80fd4dadf6f67e1073cf12fcd64d73bcf29b23897bd8f26b7dcff22a28fb3f949207265258367deb2481ceeefeff00958cf94c31631f5becc9e9197adfbfd563f7fcd8fd9fcafaaab12c8aac6762b0688a428e53d5094c34d61a170d3586ba1298acca9878d2485524c4e879ca4c5bd9d6a3f2888dc0c19b22863cded478902c1a37467b94be79b8f635fe2939cf4ae8ef72afcf371ec6bfc525a27c0df602e0000000000000000000000000000000000000000000000000000000000000000000000000000d61ee80fd4badf6d67e16cf6b1ebfff00536bbdbc81cf1c4bf35935cef1b1b897e6b26b9de2a28fb3eed9241df18c939b38fc649037d8ca530f1f8b8f9bf75f3da72feff99f3f5bef7e67a787f7fcc849559294bf37e66763498b57d6fbccec54aa94c14e61a170d3186b096c68b3a3147e2b3aa4c4e8251930ef93325eafddfcac5c98a6447dac8a18f6bda85458346e8cf7297cf371ec6bfc52739e95d1dee53f9dee3d8d7f8a4b57d06fb01700000000000000000000000000000000000000000000000000000000000000000000000000006b1f740c7dfd0e04bfaf9747dd6ce503af1c2e9c8e05bae8ff001e25d5ddfe1ffc41cd3c4b64658f26b7de2f1bcb252c5977a5f6bf3287b7e65453f67deb2483c9fadfbfd658b3aa94ac922edd7ca4ce442f33cfe3131fa3cf807a31fb3142768faaa92431ab7d470797c98fd98b2aac54c42191869ac345d104962a44b634d9d19465146d1632a36f9df8bf32d51ed2ad8b7bea593eafdafccc7bef8c9133b1e327a50c3b67de7b516205935127477b94be75baf635fe29399f513eebab3dca9aee9ab86361b3e9fe3c8be357d9ff00fabc7a0dd202c0000000000000000000000000000000000000000000000000000000000000000000000000000c3da61d1b0d6e56bf23e4726a9556747a328f2b300714719eb32751b4ccd4e6465f08c5b255cbf6beb47bcd77b7ab96528bae3dd0bc076eef03a389b55473e7e2439726a8f8aea7f6a2e55dd57194637d728a054726be5931e318c921b0ad17cf244c6c7b76513b38b16793caf3f84ca48d0cae58c5e6c7ed65e6fddfca76848ca8cb95ed55a8fed1f3cea89cab29911cb57637ca3ffa7f2bea19328827a592c3bf27d2fbdf991ff09949f32b01991bf9995872ef2368ef25b59576967379314c46c59387b16fcbcaa71316895975d28d75d75c7c529792eefe01d057c2fc23aed27474f474cb1ebf7ac979d674f7a5268ef72e75713ee71beea8e58f47eaaa7a7f8bdb3a4d7800120000000000000000000000000000000000000000000000000000000000000000000000000000000d23d6cf51b85c437ddb8e16be1acda59debb1e5f37ba5fe1937700fe7971d706714709dd2af7da2cdc08fd372f353f56c8f7547be3197864fea0db5c2dafa61646328cbc5192a3b6eac3abedaca52cfe0ed2dd2e9f2ba3123192343f9bd7d4c59424fe84dfd4175516f8f84aae8f5726eff007a3adf735f5512e8eee9f32af5336c34381e245dd92f72ff0055bff27db7fdf7a5e7fe4b7d587f257baff9b34d0e191dcdfe4b3d58ff00f3bffbf74ffb88fb96bab0e8fe3af75f5b34d0e177cc61277747dcbfd56f47f1e3edfeb66b2a9f73475535747f9f579f77af9d2e934383eaae516446a93be313dcfdd546378384eb97ad9777fbd3dabea9fab6d674c6587c13a5e8947c32b31a367e234383f83f84b88789b2be0dc3fa7cfd8ff67af9a3f5a5e18ba67aa4f73b55af953b3e3a9519138f87594f7a98faf2fe574461e351898f1a3169ae9aa3e1aeb8f2c59091e708c6b8f246318c63e1e87a000000000000000000000000000000000000000000000000000000000000000000000000000000000000000000000000000000000000000000000000000000000000000000000000000000000000000000000000000000000000000000000000000000000000000000000000000000000000000000000000000000000000000000000000000000000000000000000000000000000000000000000000000000000000000000000000000000000000000000000000000000000000000000000000000000000000000000000000000000000000000000000000000000000000000000000000000000000000000000000000000000000000000000000000000000000000000000000000000000000000000000000000000000000000000000000000000000000000000000000000000000000000000000000000000000000000000000000000000000000000000000000000000000000000000000000000000000000000000000000000000000000000000000000000000000000000000000000000000000000000000000000000000000000000000000000000000000000000000000000000000000000000000000000000000000000000000000000000000000000000000000000000000000000000000000000000000000000000000000000000000000000000000000000000000000000000000000000003ffd9, 1),
                                                                                                              (12, 'Shelly Steele', 'Sunt deleniti libero', 510, 0xffd8ffe000104a46494600010100000100010000ffdb0043000503040404030504040405050506070c08070707070f0b0b090c110f1212110f111113161c1713141a1511111821181a1d1d1f1f1f13172224221e241c1e1f1effdb0043010505050706070e08080e1e1411141e1e1e1e1e1e1e1e1e1e1e1e1e1e1e1e1e1e1e1e1e1e1e1e1e1e1e1e1e1e1e1e1e1e1e1e1e1e1e1e1e1e1e1e1e1e1e1e1e1effc0001108012c010e03012200021101031101ffc4001d000100020301010101000000000000000000060704050803020109ffc40052100001040102030403080b0e0309000000010002030405061107122113314161085171142252737481b3b42324323637426291b1b2c2151625333543536372a1a2c3d1d28294951744566575839293e1ffc400190101000301010000000000000000000000000203040105ffc4002c1101000202000504020103050000000000000102031104122131323341517113224214236181c1d1f0f1ffda000c03010002110311003f00ecb4444044440444404444044440444404444044440444404444044440444404444044440444404444044440444404444044440444404444044440444404444044440444404444044440444404444044440444404444044440444404444044440444404444044440444404444044440445e52c91c513a495ed631837739c76007aca0f545e152c436ebb2c579049148376bc77387ac2f7404444044440444404444044440444404444044440444404444058762f53aee8858b3145db3c3222e7801ee276001f127d4b3173d7a4561f54e908ad6bbd2520c9e065e419ed3978196abc7736c44def89e090498c8ea03bd682fe8a7866748d8a563dd13b95e01ead3ea3ea5eeb8e24d653df82967f4aea3b14f3b52b3a4c5bef4dcf65f146417e32e81d266bb6de198f53dc4efb91d05c13e2763788fa784e236d2cbd71b5da24ee633f087ada5462d133a13eb5621ab5a5b362411c30b0be47b8ec1ad03724ac3d3f99c767f1306571569966a4e3763dbfde0fa885527a4ed9cfe9bd2194cd63df258c1642b7b832b579f97dc85e79596a33b7acf23dbe20850cf45dd653d2d613e98c8bcba1cb8ed6b3fc3b6633f6983fb926d113a1d42b4f8fd4784bda86fe9fa992af36531a18eb759aef7f0878ddbb8f610b98757f1e73507a5063b115ae1afa4b1d70e3edc7bf4989f7924aff00ec39452a6a97e338ef89e20890c114f3bdf9079dc7dad3c9dcf0372791a415c9bc4771dc2b16fdcab4294f7af588eb56aec324b34ae0d631a06e4927b82a7b8dbc6fa9a075d695d250d713d8c9da85f9079ebee7aae9393ff9959bc43bdfbf1e20e2740432472e21b30b193ecdc7ec9d96e5d0bfc0b3b87f69de058bb6bc409362b5c569b4d58d6797e4c1e9ae4ed293ee7d8e59e2dba48e69fb9e6fc46f791b1f1d8535c3bca6a1f482d7b266b2f1cf8ee1d60acb4d7c4f8deb4030813f83dad3efff0032d071e358c9c49d5674f616f3dfa5f1603e6e58b612d86f3733fd64341d80530ce6bba7c1fd1f8ee1ee96a55aeea865613dc3213ee7a25fbb8c9311d5e7c0337048d947f246e63e139a72d6267ddd0176fd1a26316ad435cc879636bdc0179f534779f9966054d70134ae42d5783881ab6edbcae6ae073a94b73be18dfd0bd8dee8c3c77068d8336572ab101111011110111101111011110111101111011110111106a63cfe19d967e23f74abb2fb081ee691dc8f3b8dc6c0f7f4f52db2d5e7b0788cfd0750cd636adface04164f1076dbfabd47cc2aef2f4b5770da37e4b013dad47a6231bcf8ab93192d5367ae099dbb9ed1f05fbae4ce85b0b1aed5ad7a94f4ed44d9a0b113a29637773dae1b107da16a7466aac36b0c3332985b3dac47a491bc72cb0bfc58f6f7b5c16fd2276387f5bf0fade072f92c6d3964867c75bfb5e5dfc37e68c9f2734b77f5125693867a8723a575f1bb48d8a7332c074d537e432b370e7c0edf7dda48237f615d45c6ac1d77e568e524843e1bf0bb1b6dbe07a39ecf674ed46fec5c559dc1ea2d23ae6fc10599b235e958744c13bb773a21ef9a398f71d8ac992b3b9d4f5f65d6989889763f1ef335351f0220bb464b71d5cd4d4c306dd40748096c9de1bb6dd7cc2e72b7059c2d065983b386ee1df15ca923fd6d7730fcce6edec705b9c7eb8a36b86b631073123193e4e9d9a54e41ce04a1e7b7ae3fa276ee12f9ecf5b0e2fe343345e3726228c8b4f86127d42476cedbcfde8555f2f3cd6544c6fa2b0cae09f66db6ecbbba494724ae71dcf692752493f9454ce9518f2ba45d909896bdd090f701b7296b483ecd882b36b5165ec0c8401cd2bb9815abc44cfec2f69d78ed9935b6cef693b72425a243b789dde08545ef393a4257ecaff008916b2d94d4906a7cb4cf9f25d9c33cf24dd492c6b40076db7d9ad0afeb7abede230daa35ad198332d7bb0c5e2e72c241927fb35878f510c68779121543c45a7b567120f34ac79fce0a70fa4fdf56aba41fb3a0ac034cdb9fb2741b9237dbbc01d00577e6dfeff001b771d79ada4f71666d0da3a85ba55ebdacfe4ad4429569f725eedc1dc8ef2d1de7c3c160e97d3126a8e23d0d1d1cd35c335936f50dedc92f00f34bbbbfc23cdcb5ba975dd78b2f7b5336b453dfa75e4c7e1a0e70e6d3683d6ccde279cee5ad0a77e85fc3cbb90bd6f891aa27b12cad79af8fae5e43413d5ef737d698296bdb76ec9e6bf3eb4eb18228e0859142c6b2363435ac68d8340ee002f545a4d5ba9311a570f2e57356c410301fed3fc9a17a33311dd5376b52fd41851956e2064abbefb891ee78ddcef1b0dcee06fb74f5aaff115b55712433259d96ee9dd2d27be83175a47456aeb7d734836735847e20d89561e070b89c0d1651c3636ad0acd0008ebc4183a7af6ef3e652277d46cc2222e8222202222022220222202222022220222d1ea1d2ba7f3e43b2d8b82cb802048776c801f53810420c4d61ad70da5007e723ca4358f7d9871d3cf133fb4e8da765f7a735c691d4531af86cf51b563939cc1cfcb286efb6e58ed9db6fe4a2d90e1de7711cf6f87facf2b8a947763f2361d7a8bbc809377b3e62a9dd657e8c16a5a9af34ac3a7f23090f2616ef4ac9f870b8f581de44963bd60aaef79a8b03885a532fa2b503f5f70fe1da63d2fe3bba2b4cf8247ea9564f0f758e235be9e8b2f8a7fe4cf03fa3e07f8b5c155da4757e62950118badcfe3ac96bcb6e4c5c4c2760e113cfe4fe2bfc7c428ce7ee1d03aae5e2269133cf867ca21cdd22d7348e81dd5be1201e2370e0b2d73d77faffac1f6e82d698a7e674c5ec7c3ca2c3d9cf5cbbb84ad3ccc27cb9805cc39fc755c96ba8a47c2e116571b1bc878ee7464b36f6ec5bbaea5d2f9cc76a4c155cd62a713d3b4c0f8dca88e2ad1181d79059fb9859911623f38adee1ff9a56bbe6214f3f588b42759e930e7ce25e99b7a6accd6a08e47570ef743e267739d1f56bc798539e24659b7b82fa66564a411986fbc0410e0612f1edd958fad3110663172c2e635cfd8961f30b9f3370d9fdecfef38d96b2f55cd473634b80e76563048d7edeb0de9bac9e731f2ae3ba49a432e5f5195de7ab1a17dd274706bb9e203ad8a1b07fab965dceff339575a6f2d95c2e761ab9e00c333844c998cd8b493d0387882a6d9b99f535be2a5fe9209d8e3ff0006ff00a42cf6a5b15e627de1db6b4f1e24cf1bd9d3b9b11fd0b43a31d2633494ccaf2cf0e4b24d3057962ef66dd5ee2ef00013edee5e9ae6c030485ef0d05841713b01b9d97d60a315e9c7da9323a46fbd0e037643beed6fce7a9f994f0f87531db5b6663304cb8f6f3ef2578bafbe1d643b7571f986c0780d805dd1c35c10d35a1f13872de59618019fe35def9ffe22573c7053003319ec6c2f66f119fb79be2a2d9c7e62ee467b1cba575366e8e9ec34f95c8ca238211f3bcf8347995b785b7344de7b256f8626b7d5389d25839f2b959d91b18d25ad2762f21561a0b4e65788d9d8b5e6b7ae63a10bb7c462e4ee1ea95e3f6569745d0bfc64d627556763234c63a6fb4e03b86d8907ec85bae22fa42695d31f69e9cac33b6a199d04d1b1ce822879771d1c5879faf8354eb3f9279adda3b1d977ad4e7b5160b010b66ce6671f8d63fee0dab0d8f9bd9b9eab973476538f7c61cb8745a8a6d2b8187a4d669c02273baefd3bceeafcd09c2bd27a4e617e3ab2e5733b0e7cae4e5366d3cfaf99dbf2fccb4c5b9bb39ad7748b05a9f0b9c9a58b1570d9ecb6e67089e1bd7bb6711b15bb44527044440444404444044440444404458199c7fee9d392a1bb769878d8c9526ece41ec70ea1067a2ae6f70a68ce1e59abb59b253e2fcd4d237bf7ea09eedfaec08519cee9fe24e9832dac76733195a9da895c6094d897a7818a5e63b79309519b6bd9d88daec5a4d59a6b13a9f16fc7e5aab668c83caed873337f52a96bf17351b2959eca9e232567a0844923eb08c8e843f60f249f6357ae2f88dc4d7c0cb070fa2724f7ec0636b64e5ab6cb8fe230ccdecde479155c66c77e9bebf094d2d0836a8d0ba938697a49f08d7e470721ddd40f87e5424f73bf20f45f55f298fd4b823354b33081fef251b72cb01f1648c3faa55838ce3768acbdc3a6b59e3721a5f24fe8eab9584b1bf33d443897c3fb38bbedd57a3acc4e328dc48c21d05d8ff00a3976e87c88f68f1030713c3ff002a4f546666bdd16e06eb9b1c33e244da133737f00e40f694a6f0613dc42b97d24f0c6e68e6e562eafa9cd0c9f17211b7e695b0ae6dd774a1d6fa625b38e8a4a99cc3bf7359dfc7577f79889f107bdae53fe1c71124e217a37ea1d397ed86e731151bdb3fc4c2d7b0f69f32ef0d966f49a5bbff00bbb129369cbacca60a9dc046f342d247a9de2157babf4f01c47a458d0193d795e09f13d06dfdebf78559b9628aee16e102cd2b0e05ab79a9c8975de0a660ebfb9f3343ff00f75a7955349d595ebf64238b1a3ab4f892e8d8368d9cb2ede23b957efc9cb728e9b92691a6e53b0ea967a11b16b481f9dbb157eea384cf5268cf88705ce7976beae6d9543c061b514e1a7d7cae6b88f98052bcf357afb7fe3932c9cc39b77270d1901311d9f2bfc035bd48f9d6cf06d7deca803af33bb9472b4b34d62cf66d334f2cbd8c4c8c127947ff00ab718bccc9a3eec76b27879ad75df96199bbb4f9efd146297e4e5ac255e8ec8f47fc2368e26de5a5000e956171f82ceb21f9de763f16aa9e2a6b2adc41d612e3a4cb0c6e8dc59fb6edfc3fc9681d5cf93b801d765b0e2ef13f1d8ae0a6030da4c5b32e6a88900919d94e60248248f5c8e0e5425685c268e694875a682d6b9bfcd83d4ec7c5c4f7bbe61d16898e5a463f68eff696d61eb5d7791d498da9a7b0f4dd80c1d36f66ca104e777f42d3dbb9bb077c50e814bb843c171977c595cd82ca43c3c5ff0090cf25a3e1b62b0988a5fbe4d4d207430f5869b5db17ede24fe2b559f83b3c49e23b58ec6d83a3f4b00d114d047c934cd1e118ef036f1dc04c76fc96d4f68f6ffbec956b31fb4ae9c6d2a78ba3151a30475ab4439638d83601662a9b37c38e1269ac4bf31ac2bc36c42c264bd99b6f9e47ede44f5779342845bf485e1968b822c4685c25bcbd5ea48abbc1134f976bd4af437a8475333d1d208b9bb4cf11bd2035eba29b4be8cc261e8194bfddb9212085f1f837a9ddde658158b80d3bc6063629735c4bc248fe9cf041a7416f7fc3ed5a7cbb82ec4ec98d2cc458389664a2a8c8f2562bd8b0d003a582231879f13ca49dbf3959cbae08888088880888808888088880888821facf87fa7353ef66cd635725b6ccbf57664df39ee78f276ea97d63a435568b6be7bb09cce29bdf769c5ef98dfeb22f0f9b70ba61153970532c6ac9d6f35ece569b338ed4d8b6d1d470c79ec688cb636ca7dfc3e6c9362e69f2f7cdf0e55a4c541a934519ec689cacf92d3c1fb4b86c8edb39bd08203492ddbb839a7bc2baf887c1ac566a57e574bd81a7f2e7a911b7ed69cff58c1fa5aa90cabb2fa772c305ab31d2e32ebff8997be1b03e131e3a1fd2bcfbc66e1fbfed55b16adffc3032995a9a92c1cee9a84e2355d261edb1765c3eda8bbcb371d256f98ea3bd57167323486b2a7c40c045fc159032d7c8527f4eca52d2d9e07fcce24153eca61abde31b2dcf232d44ee6a99167491aef0e623c7f287ceabad6d5f218ab577f76e1ed2add01990313361201f71600ee12b0fcce0a38e6b69e7a28b526b2debf3d5ebea7c5ea5a536f5722df725a1e2c9e303707ccb4b4ab1ade404b95c05a1202d06787f3b4381ff000ae6cc65f9a1c3e434fccfedc3396c567b1de2d3ef5eddfc36241f23e4ac1d17a95b91c6e3ccaffb2d5bb16c7d41dbb0fe95cbe3989dc216f95f360f335eb9d388904e35657868c61d624796b7cb671dba2e88ddaf85a4773e31fa156384a30ddd737326f0d77b9008e123c1eedc9fcc1431db73d556fab3344691a785c50edcf69636fb34a7bc92772c07c028a7141f55bb47100d8e00e79f3dbfd4ecac8cc5a6c55c86ec1ac1d1539a86cfbab2bde08e926cef8209e5fceedddec0169a4efabb5b6e76f3a93da10c32e426925b11c0d858d7ff00dda20d00306dd01e8a49a5aa472ff095ddc56690d898012e95de0d68f1515c4443276c7494d364a19ef06f25994fe230789569d9d5586e19560facea599d7a6302a568f69e8e15bf9441d9f391ea51e59cb3af668c7588fdacb3303a5709a6a855d65c5cbf5b114f9c0c7e2ac1e824d8b876807ddc9b0243028df107d26b377ef3f1bc37c64756886720bd72bef3efeb6337e503fb4ab8a382d7fc5dd56cc8e6a7b994b6ee8c69e9140d3e0d1dcc6ae95e18702701a7a18ad66e365fb83a887f9967fb96ac73111cb8a16dbe6ea0f45f0975bf12726fcc6626b3289a5324d76e3cedb9efdbfd1a174870ef823a2b48b5963dc2cc95ff00e9ecc7bb41f26772b3a18a38a36c7135ac63006b5ad1b0007805eaafae3d759eaae6f3edd0444562022220222202222022220222202222022220222202d46a8d3d85d4f889b139dc7437a9cbdec91bdc7d60f783e616dd1072df10f84fa974776d7b4f1b1a8701e3548ded556ff9ad503a96315a8b1c68cd3472b3ee6290f7c67e0b976865b3188c444d9b2d94a38f8ddd1afb561b183ec2e21523c4cd3bc2ad5d626ca61356e23139e3df66ac81f1cff1ac1d1ded5833709113cd8fa4a717f6971a71034b5ed2b960f89bcb14726f0bff00a327bc1fc92b5582c90a5917c95bde41607588ff0036e0772d3f38e8afad4b1422b9d3bace5c7fc0ab9481fdad39bf24bfbdbff16c42a275c695bba7726e1b8921dfec320703d3d47d7e4aba5e2dfa5fa4a331eeea8c76463974d4190ef60ae66f98349518d0f50458716decece5b1cd65edfca94efb7e6d941b871ac60cc6811a49f3767962f1500e7e53d893d5ff0033558b95bf4b1b89dccb1b478343875f0680b24d671da6258b26e2748d6b8cac704061e73cbb6ef0def23c1a3cc9e8aafb9299c4a669844ce6fb6a68fa75f0859e7b7e60372beb526a5ad91ca4c1937ba191bfaf64f0399ddc4827a00074056d347e91fdf0df827cae431f88a0cf7aceda70c8e304f86fd493e2e3d4ad3e31d7a3562c73eef8d299acd6efa9a5e9fb92ebdaeaedbec249ad01e85b5fe0170ef93eecf86caf4e0afa3bcb3c50e4336d352b7f8de3f2429cf0a717c1ad25131eed5382b9799f8cf9808d87e7ef2aefc367f079a0efdc7cce3b23c83777b96cb25dbdbca4abf1e2e7efd23e3fe57cdf5d9e7a6b0189d398e6d0c4538ebc400df61d5fe64adba22db11111a8542222e82222022220222202222022220222202222022220222202f0b33c156174f6268e189bf74f91c1ad1ed257ba8e7117a6939cfaac56fac46a369d46ddac6ed108be7ed51c96a0b7256b34aec4046ddd8e6c8074ee3b6fe3bac7fdcec63fac98ca44f9d76aafb83ce2fce6ac27bfdd117f98acb62d382dcf8e2da559e9f8f24d58d1e170d30922970f8f746f6ece61806ce1e63c56a321a2b473a1113b4ae18c63a061aad20293d4fbb77b1635f3d159c95df653b9844068cd1b5a51341a4f0b14a0101eca8d042c3c8e9cd39374934ee325f573570549ac15a1cf91fb9b3fa89683ec2f0b97ad6b133a8e8ed2bcd688f94724d2ba6eb1fb1698c343cbddb5160dbfb964d6a98f66cd66331c00e800accff4552cf76ed5ad4df5ee4f1975dbe1defc9dc099a003bfabc158da52d4b3d189d29ddc475596b92b9237ad34df14e3b6a676b4787d88c45d82536f15466da501bbc03a05914ee62b059992fdb7d3c751ad69fcd216863636ece0bdb85c7ed697e3c282f1b7ef0f51fc6fedaaed3a8daca579ad10be30b94c766b1d1e4315721b9525eac96276ed72cf5587a3075e0ce0fe4f1fd13159ea54b7356251bd796d30222292222220222202222022220222202222022220222202222028e711bef4e6f9456fac46a46a39c47fbd49be5357eb11a864f194f1f9c28de0d7f2c6aaf94b3f4bd5981563c17fe55d53f2867e99159ecee5a384f46aaf8bf5acf5adfc63bd8b1f20b26a7ddbbd8b1721dcb4334b5164f7a8f6a13b6366f6b3f5dab7f6fc547b51ee71738f367ebb5433785be93c3ea57ed45644fda94fe5f92fa66ab1b461fb421f62adb2077a74fe5f92fa66ab1f467f27c3fd90bcfc1e2dd9fcd7470bbf889be3c282f1bfef0f517c67eda9d70b3ac137c70504e37f4d03a8be37f6d772784a38bce13af45dfc0c60fe219f46c5682abbd16bf02b83f8867ea355a2bb8bc21ccbe722222b158888808888088880888808888088880888808888088880a3bc43eba527f9456fac46a44a3bc43fbd59be515beb11a864f094f1f9c28ae0b7f2c6abf9533f4bd5a0c558f05ff96f567caa3ff315a0c1d168e13d1aabe2fd6b3d2afddbbd8b1720b32b0fb21f62c5c80e8b4334b496d47751f4c5d8f6b3f5c2925b1dea39a907f0558ff87f5c2866f4edf4b307a90a1f23d2a52f97643e99aac7d163ed087d81573941b54a5e77b21f4cd56468b1fc1f0fb02f3b87f16de23cd72f0b3f899be38282f1bfef07517c6feda9e70afee261fd68504e37f4d01a8bfb7fb6a593c251c5e709c7a2efe05f07f111fd1315a0aaff0045dfc0c60fe223fa262b417717843997ce7ec444562b111101111011110111101111011110111101111011110147388bf7a73fca2b7d62352351be2474d2163e515beb11a8dfc653c7e70a1384f3cf4b3fa8e57c2c34eddb11b650fead9c73bb908f3607107d6dd959d1646323f8b2a29e8f58faf99adae71f6b7ece4bb1f5677b082f2d737cc10085b89a0b346ecb4aeb036789dcaee51b35dea737c88ea3d5bec7a82ade12778e210e2e3fbb32db0c9b2324b58b16ce5237f7b0ac52370b12c316b88642de4a2ebef1ca3f9ebf14b42689ad3bb8b47f8c2ccb8ce8547f27d397cdf1feb055e6f4edf4b707a95fb53b9fb5ee7af47ec65c0ddc87d30539d119e84d38e3ec1dccd1b15a0f70457b03b380e76646f7293f1a16df4962fb32de8bcec31aac4b767eb75b3a4f53dbc73cbaa44dd9c412d7f50547b8eb7ec7fd97e46715c065bb0d63e4f06efccfe9ede42b6fa731b2d99e2ad0446491e406b4789f57fa9f00095f5e96d422c370420a911eec802f77c3776132964f1943179c25fe8b5f814c17c9e3fa262b49559e8adf812c0fc9e3fa262b4d7717843997ce4444562b111101111011110111101111011110111101111011110146b891f7a363e515beb11a92a8e711bef4e7f9456fac46a193c653c7e70abfd15cef775b796423ff0031593aef09eefa82f558f7b9037b9addcc8cf57991de3e71f8cb9ef839c48c6688cd6afad7a85ab0e9f20dd8c5b78732b2471f7047bb097fe77b5578b356958eabb360bdad3310fdacee78fc0f98f14959b82a2197e28e15f92926a387bcd8e5f7c63e767476e77dbc96be7e2b6319b87e172c3ffabfdcb6d78bc33fc992784cd1fc52cb91f42a31941b4cc1fd6c7fac16a6c715f0ef21831794dcfe437fd57ec79d1939aa48ca16218e59d9d65e5047be1e1ba866e2714d2622cb30f0d979e266a8c6199be308ff00ccef7d28536d374892d00753d02ac6eeaaa7a660ad1dbad62733debef1d881e133478adae0f8e7a7285a8fb7d3992b108fbb69998de61eaf15931e4ac56225a72e3b4de6621d4fc35c08a74c64e76832ccdfb0f933e17cfe1e5ed2a07e9a2c3370a2ac3f0f243eaf3a87bfd3070de1a2aeff00ce8ff6284716bd2129711b035b010698b18d7b2c9b1db3ed093ba1959b6dca3e1a95af59aaba63b45a370e86f455fc08e07e4d1fd1b15a6aaef45ce9c17c17c433e8d8ad152c5e10865f39111158ac44440444404444044440444404444044440444404444051ce237de94ff0028adf588d48d46f891f7a563e515beb11a864f194f1f9c7db88a432bb54ea611f85f5ea5937e35671f30e2af8f46cd3b82cbbf574d96c2e3efbc64ba3ad566484757fac2b90689d1bff84b01ff004e87fdab25707346f6dd7e26293cba71108251d5952407c77795f60cd13777c40349dbdfb976d8d17a3877694c0ffd3a1ff6a83f19f4ee9ea1a62b4b4b018aaef365c0ba2a6c69dbdcf31f0097e1e6b5decc7c545ad15d398e856edaf41bd5dfeca0742a5f8f6c83295018e56ef3c6362ef7a0732bb380780c15fe1862ad5cc2636cd8318de596a31ce3d07890b69aff0048e9ba9829b234f0d56b598a680b1d082c1d66603d06c155fd34cd79e2567f571179a4c38778b6ed8e27e5191fa76a80bfb5dc9da6dfd8bbbfd1a30f89ca69dcd3f258ca374c7959c30cf5daf2dddeeeedc2b73f7aba63c34de1ff00e463ff0045a71e3dd6276cd9736ad31a7f2cb966f812acec34565d938d8d86424871dbd8d27f42fea00d31a6bc34ee27fe4a3ff4558fa47613155745d192a6368d77fbb5e39e2aec69dbdc9614e71ea10ae5dda234db7a2dfe05f09f12dfd46ab4155fe8bbd382f85f896fea355a0a78bc21565f524444562b111101111011110111101111011110111101111011110146f88ff7a163e3ebfd6235245a4d618db395c04d46a18bb67be2737b52437dec8d76c4804f828de375984a93ab44caaff45a1b45aabcf23fb522bad57bc1bd1593d1b06599929ea4a6f59edd8607b9db7571ea4b47ad584a38a26291129e6b45af3302aef8ebd349d5f953feaf3ab1147b5be98adaa712cc7d9b562b0649da0921db9b72c733c41f0715dc959b566211c768ade26519f473fc12e27d8548b897f79d6be36bfd3c6bd741e99aba4b4d57c1d3b33d886b8f7af9b6e6fee017eebaa56b23a66c54a50f6d397c2f6c7b81b86cad71ea481dc0a8444d71ebfc273689cbcdfe55bfa297ded677ff00559bf5dcae7557fa3fe98cf696c3e5eae7681a6f9efbe7841958fdda493f8a4ab414b144c5236e66989bccc0ab4f486884ba42a0f55a7fd56c2b2d45b88ba6ac6a8c34546b5b8aac91ca64e79185e0831bd846c08f86bb92266b3108e3988bc4ca35e8c9d383f88f260fd46ab3945385fa5a5d19a3eae066b8cb8e83f9d644580f403bb72a5698e262911264989bccc0888a68088880888808888088880888808888088880888808888088880888808888088880888808888088880888808888088880888808888088880888808888088880888808888088880888808888088880888808888088880888808888088880888808888088880888808888088880888808888088880888808888088880888808888088880888808888088883ffd9, 2);
INSERT INTO `plant` (`plant_id`, `plant_name`, `plant_desc`, `plant_price`, `plant_image`, `category_id`) VALUES
                                                                                                              (13, 'test hhhh', 'hello world', 87, 0xffd8ffe000104a46494600010100000100010000ffdb0043000503040404030504040405050506070c08070707070f0b0b090c110f1212110f111113161c1713141a1511111821181a1d1d1f1f1f13172224221e241c1e1f1effdb0043010505050706070e08080e1e1411141e1e1e1e1e1e1e1e1e1e1e1e1e1e1e1e1e1e1e1e1e1e1e1e1e1e1e1e1e1e1e1e1e1e1e1e1e1e1e1e1e1e1e1e1e1e1e1e1e1effc0001108012c010e03012200021101031101ffc4001d000100010501010100000000000000000000040305060708020109ffc40042100002010401020404040403060407010001020300040511210612133141510714226132427181081523915262a116243372b1c1435382921726345473c2e1d1ffc400190101000301010000000000000000000000000102030405ffc40026110101010100020300020201050000000000010211122103314113220451611423b1d1f0ffda000c03010002110311003f00ecba52940a52940a52940a52940a52940a52940a52940a52940a52940a52940a52940a52940a52940a52940a52940a52940a52940a52940a52940a52940a52940a52940a52940a52940a52940a52940a52940a52940a52940a52940a52940a52940a52940a52940a52940a52940a52940a52940a52940a5280f2450294af80f9d07ddd2a83cba53e5b55563fa13fff000d7bef1dccbc6c103f7351d1507952a8c322b492c7ea8c01fdc022bd4922aba293a2edda3ee744ff00d01a7454a5532e0103dc8fec6a94b2f6a77020ec311ec48e40fec0d3a24d280ec52a4295f0303bfb57da05294a05294a05294a05294a05294a05294a05294a05294a05294a0579079d7ef5eaad37d74d697f1c6c18894168bfccca36f18fb950580f5ed6f6a8b78993abb551918aca39f3527fb11fff00b5f6392370a51830650ca41e08f7ab17595f4b8eb582e118284ba8436fd51dc46dfdbbc1aaef5e33a6676f17e660a4eff5a8d7370b1dc88367ba453a1f70091fdc03fdaa1dc5f46f04938650b0c890bb13aed2c42b6f7e446c7fad633f11b2ef8b9e29e2ba30c92c4aa80725991fbb5af6203826a9f27cb333abe31e578caae6ee3b7b7bab8206c4124808ff000af0054582f8992d1a4653ce9fb4f05ca83b077fe1ee3a237ad563b7b7ec262ab390130f70f2912ab10632a47236bb258ecfae88358dbe6a4b548444ddf3410be402800969154280dcf2a101e47bd61af9b9635cfc5d8d9b71722dfa8add7f2dd42e8dff00329ee41fb8f13fb5477c8acf9986dd436a0562e4b6816d8038f5fa431df9735aff002dd46d1b585d770995dd7c0906f519848d777a296db0fb822bc6033c7e672f79337628b658438fa554c87e90a4f9b0d0dae89d557fea27789fe1f5d6c8babe02ee3ed2a76e411dde6a4103cb8239275bf2e6a94790b7ff006712f14978e1b76977ad6fc33a6ffbd6bcc7e5eef2566d6bf2c6295523b967907687116e32e083c82c57400de81abc60b216b7d6cf8d7ba06deef16f6e4a8ec5570ecac747904061b279e01a99f3f748bf17233eb3b80f0c08597bd97646fcc0e363ede5fdea4c4dbd8df9311feb5837c34c8cf95b3f16765924818c025524f72962cc48f41a55000e39ac923bf16f15ddcdd324704770ddac0f3d800d923cf7dc48d7dc5747c7f2cd67acb78e5e26595c2cd75751236c40fdadff003101b5fb023fbd4dac6ba0eedef70cd7b35b2db4d7573348e83d34e579fb8d6aafb2caaae57cfb4066fdcf03f52455b1aee655753978ae480093e95f479544491a6ba3103f4c3a3211e45c8d85fd8107f7152eaf2f55294a5485294a05294a05294a05294a05294a05294a05294a055a7a9ad92f316f0fcc2db4fdcaf6d3b0d88a604143ff00bb408f5048f5abb55a3a84b4b8f960866811d9482b3c42589c11cabaec120f91d106abb9d899f6b4f4f649ef2c0c3e0fcb5c45277a40edbf098376c9093c6fb5fb941035dad191b06b04f8c3f15fa5ecff0097f48c572cf9bcd762431823fdd449c2998ecf87b3a001e49f4ad65f187aeb29d14996b1b48eeeceee5b692e6c5a466902ca10239499c0334615946f5b054035ce9d3c93646316b96c7e499cb77c397823ff007ab7937b0ce18813a7768904861e6a7d2b926edcdcd6bae6752c6ca97e2a7c5bea5f9bb2b1bf7b492d9984d84b58155ee8231f13b5db6d2b120f7282188d9515f7e26e63339993a4a7b1bbcb642cf2b8c373037f339221232c8ddf24846ca940003c8d0524d6aeeabb8b1bbebdbbc845717d24be2472c9363f922f3ce4685988d0ef1b046cece8567fd6bd457d98e9f9715f33db90c644b36454a47df32c8c04c3ba3017b95844650a3449249241ac752faa897d6bda0dce4f2fd4f6d7512125d1076340cca2f4460928e09d96eddb28d8d8076375905df5e7fb3d891649711cf7d7b670b595a24e643224d0a0914900855054b03bd1ee35ad70fd4b75d3999b6c825aa5dc6b2a89e066d2cc80ec0dfe4607455bd0fd890726f8a1174d58e76dbe456ea4b918f4823b6daa9b4894b131bba93dadb700a81b00000807755f09df68f8f57977df6f584cf65ba8e07177737192cd62637bbb084ddba44d12fd5246b1c64062a00750492c03024e8565f94cce6a0cf497e6fe5568228ad6dde176433c8d12bc83b012ae016d9257609500eeb5374cdbe4a4ea7c7ddd95fa629ed261766e826d6d9233b66edf51afa42fe62c01f3ad8d9bea4b9ccbc590b62b6a5e231cd04712acb190490030f346041006882083bd0354f93f38af9ff4f77da1e57abfaa97aef0f8fbbbe6c5d8a345245399c08e522405be618e885e482a3cb60e8d59e6bcb7ccf5bcb716d05f62f1f8c6318b7926613431c20fd4e41fc4c54f76bdf55e7abac0e4f012c45159d3fa89dc092180f33fa8d8351fa57a86def71f2db5e43e0e7ae6282ca4b890811ddc3192449b3cf8c13b5083f882a9def7bb67de3b3ee227c9773dd657d2dd619d109c2be72ff1725e5c3482e6d2f9addd656002299146fc327861a209208d6ab3db2f889d458be8f8c5ce5259f2125f2dbad95f76ca90dc0df7066003306601b4c4e8eab585ed9e2d965b530ddde020a97b80224607ccaaa92dafb16157dc4dd5a4fd3cb619ab0197bd89da48679784d81daa5d4105d82aa82491bdecd6575c4e3e4b3bdadf1f00fe32e1b2d03f4ee7636c566205250c92068ee8824b2a1e0870763b0f27d09adaf1de4d1594724cbe25d32acb247bd774eff8221c9d01ebec00278dd720f4a5f4b9fc7e52e6dfc182e9e3f97b9b6b854b586d5871348bdbb3278834401dc402dbada1f087359bbf5b6e929733264deccc9240ad1c96f24d110005695b4c55012a194062a4015be3fc8b3fa5699cf6fbfd741e21238ec8224e2760c7c4957c9e4d9ee3edf8b6343cbcbd2a7d40c6a7cb5bc76fe11454408aa91848d401a015577a1ec36743d6a783baf4b1f4cafd94a52ac8294a50294a50294a50294a50294a50294a502a3bdc246752fd03fc47f0fee7d3f7d548aa5344932e9bb81f4652411fa115147b2c026fcc6aa1c90d94b2306fc4abdcda62bc73cf07caac19cb5ea2c646f7b8022eca824dab68093edda4800f9f2a579f30d5abf2ff00162dedf1f9c8a6b4bab0cb5b5ab9b3b1ba8cf88b33ab0787d1bb3611d49d13f5283a0a0e5af9666f2b498efb8e52f8afd6b1759fc49ea3cc64a2b886c6498d9d90858192d6de360a00524ab06edee65d8d963a6ac4729d3b3dada459ab89532b8795cc76d790b1689a4f45901faa26008251802490012366ae8d67d3590ff71f9d87a6732a02cb1cccd2635a4f54f139681bd083dc80ec6c57cb69ba83a0e09167dd95f3dd8478a60b35a5edab444f6b0e639e3247046f5bd820d65e555f1ff6a7d2912c7771c70a8374eac96c00e223a3b93fe6f451e9b27daaed6f6ef6b23e46c40996c1e45ba875b2b11251891f9a360744fa1d6fd0d5f3a0f1d81cf75063f3787b0bec3cb6b386bfc53472496b229520b5acc46c724131487606fb58815662d1602f85d5d675172d148ce20c5113b46c49243ca7fa601de8afd5b1b04573eaf6f117164956eb35b6b591efbc24b8683b9ac60997b96491412ad203e6aba0483c33003cb756dc3c32b19323732b4f71785a579643dccec1bea6627924b13c9f3d565b8db6c675364e1c86023b7b3bf8bb86430824fa7b59597c7b62c7663d9db46794f35daf963b78eb6b999f1916e416114562028d33b46bf5903cf65cb9ab77d7117366594d846af159416d1aac19776691b5bec922524400fa004f7fdfb97d0549c4ed6d1b23e1c6c91b2a441d76af230d8047a80a093fa8af7f0ff1f9c9af63b6bae9ccbc78db89e3962bb6b460b0dc21dab0de890cbdc8400761aaf9d4387c6e2458da5ce76d62b68a0efb782d11ae27b8321ee69091a440480a36c7416b9f49bf1df1f252b5f059645d32c45413dc7640e7609f5d7bfa8ac265b158e3b5c7a9faed1da7942f059e69005523dd5046363fc46b293756da2b0453245ae7c7705dbdb7da028fd06ff5ab0e0ae2da7ebe961926590149a4110d7702a8240c77e80a726abf1f6759627be2f967129ba902902287b8c9a5d10a0e893fbf007a93575b1612218cac71ca21571f98776f44ff00a8e2ac6f7b6f063e2b28255bad6a6bbba8c92b3cdad90a7ccc6bb201f53b3ed570e988f2395bd8be531d7d240e1e0f9e5b7636d01914806493850360724f9e8567acda4cf6f8c4f7c1c57d2cb79308e2816649588520097b4a02a7cc161dbb507cc7b1e2e587c8dc62f236992b69651716d3a4b09ef2429077a3e84100a91ea18d55eb58b1f8fc6c78d9b2602d9b07482dd7ba47941fa9e573a55248d7682c4035171052196eb217bb48e299a3b58c0ee13303b2c3d0aa82003e44f24e868e77b64ff85b58bde4fcfb76b63efad6eacad2eeddc98eee259615df254804103db447d86ea63cb1a46d23baaa01b2cc401af7dd69af853d696cfd0f89b0b5b1babbc92c6d0ca1a460abd8c4223390588d7e55048e742b3ec7e23257f3a5f672e5a56521a387b7b228cfa158b646ff00cd216208e02d7b7f1fcde727235f0f5dac8adae56701a207c323619bf30f703cf5f7a9354a189225d28d9f563c93fa9aab5bc50a5295214a52814a52814a52814a52814a52815f09201206cfa57da5062fd6737590b168fa62d6c7e65b85699b607dc92401fb063f6ae73fe227a57e215a744dc755f5975a58dcfca3ac51d95963f5f4b9d3033e811efc2d75a5697fe3375ffc00ceff0088c96b1c6c3f2f75c229feea48acbe4c4b3b569ab3e9c078f97a76cad227cada64f2b201bf0a19d6da2275f99882e7efa02a7c3d5b706681b1784c6e3ad6d7b96dedd3be4552c41258b925b64720100d58324bdb10600950c767d003c0dd56c391fcbae108dee58cfeba2d597273aacd593d336c475ef595f752e293219db8363f37146f69081140226701942ae80041d1f324559d3b71f25c4031d6b3986678d44cce574ac468aa9008e3dea25ac72c5756ee14f8ccc9243ea18961da47bec8d7ebb157ac9c6172990d29045cc8744ef47b8ef9f5e7758de4be91756fdab7fb7b7387c508b1dd3d86b590b832dead922ccabb1dc22001119d6c7792cc7dc551cddf656dfab73b1d8e42e2c636bd660b6cfda583720f77e2d9041f3e37564cbc21ace405495500b1f4009d55c4bc935d2dc4c089a4b6844c08d1ef55ed3bfbe941a7ae7626fc96e78918dbdcec13dcddc798bff9a96dda05b97b8792485586982331254b0fa491ce89008d9acc331919ee6ee2bd898c76d94b282f1ad81dc692320590053c2fd68c78d79d627176a464b70a05640a8d16271f6b246d1cb6ca4943c90b2ff5347db9f4f4dd63bbd57cad9c57b496484333416f29e3b44aaccbfa1008dfe84d59f29d459e7b916063c458d8c132cc61b0c645019880787700b152090413a357db65d80189277e5ea4558b3aaa32f2f680000be9f6f2acf1ae5573ab3e93acefa59cac9716967dca7713c29e0c800f2d91f49207a953bf3a9f91c866ae845777994c8de4166c2e56cae6e59e17643b0a631a520eb5e5512c04324104be115d6d594f3f5a9e187ea083af4d55da08c48ae000430d6c8d8d9f7fb5575ae53cf53f5905c652e6c965044799b3540d6d6d7ac5e2747019448072ea1481ad8d9079ab5623219078a3fe6d696b7224431c735b036cf128240540bb50aa08006b8d0decd4c74618758c105ad91a127dd5492bfa00091fdaa3d93318fc0050f82a248c371dbdc74c07bec85358f97aa9bf26bead6eafe1e715777780b87c3c77091e3e5f94129c83c774174ae006ed31c8006f275e4fad6f8c2479244297379732ebd2ea04127eed190a7f602b59ff000a3da7a1f2b201c3659beaf7d4310adc75ec7f8b9ffb734d26eea4ebe2ef5f56b75f694aea414a52814a52814a52814a52814a52814a52814a5529e7589492aee40df6a2963fd85053bf8c4d6ae85663be418982b83ee092346b9c3f88beb4964f873d4dd199559ae2f82c33da3fcb18a56ec95242920e519f4a4868c90decb5bc6ea1ea0ccacb14ab0e12c1876f71226ba71ea75cc71fdb973fa1ad39fc4bf40622c7e0966ef7018c985ee3163be17d348cd2ed2452cddcdb63a5ee200d2eeb1dcd6be979c93db8871f23acf6ed05b4d783f0b2431f8859481b057443023d0eb7e841d1abb65f0f0e224b1bbc72cb716990ee68ed6581fc4859480f1b0f36009e083bf43c8e6dd1dec5103737924df2e1c91636f298c4cc792ac468ac7bd93ebce86bcc53bbcbdee56f7e665b86431462085603e1c71a02484455d055049d01fa9d924d67cbc5273c5b2fa430969731c22facae6c66b566beb5b69e68d882a097018b0658490acc6403b580209d90713992f6c6696dafedde2bc888f1e29974431e493ee0f9820e883b06a0e3a48acb057d6b00517193658ee9c0e45ba306ec27cf6ee149f4210035292eae65b14b3b8737114235019365a107d15bcc2ff94ec7b015859ecd5cd917ce98c4d967671e3c590b0b297fa17a268c346e8c47ff004f2120b49b008420efc81ab467a1bbc6f52642dee95e3b813b3b2b2f68009254293f8940d00de4747556d7f12d84f7e65924bd54ecb691dcb1889236ca4ef440075ad79d7cb89e3bac9dd5c423b6292432227242f77d440df900c5b81c0dd4f0b65cf232ae9a82d3a8e496ce681b153a2eff0098a30f92524e80995c8284f90f0c9249fc3594759da8b7ccc992996631e49c496b222010050a005ef04ed80036ba041ad7d878d62bf86f1c771b7264891b91e26885201e0104ef7e7c564384bcbab4b636893b0888d76b7d68c3cfb6443c3a93cfba924a91c8ac7727e23cb3e3cab845fd11dea49603f7fd6ad6a6c337d43fcb619fe472f70e91c0b31eeb5b83e44770e627d6c8d82a75ada9a9fa49bea112aeb6400490a4f0744f246bcb758f4b0c5679d370abb78c13bf524a15037edf55531cefb533cefb65b796f6f637b25b35f233c1a558228989007931620024f9ec0239e0902a20cc59407e4f30df2692c8ab0df46a5c42ddc3e991072ca46c6d795241d11b151b157ef0d9418ebaddedb45181124c4968c0e3e871f52fe9b23ed526d2cada7bf8aee1ee7485812b2ae8a1041078e1bf51fdaabc92f6a7b3bd66bd4eb698db3b92b72d3a32b4d125b4258ce09276b21210e81d00090347d6a2e2d71526260cddbe6ec5ad6e5078026729229074cae8012595b820707cf7aa81657b7d89e9ebbc75b88a7b272d2259cc81a15918edbb54f0031e4a8d0df2346bee02686cede14b232635dd184b02ff0056dc90c4ec2bef4492783b00565ccf2a7b8b7ade5fc33757892d32fd376b71109c64598cd2211a3e1a0214120370a35c8ae85b4429080de216f5673b66fd75c7ec38f6ad1ffc3574cd85d747e5329361b1aa2f72accf188f71cbe1a22f88a0920721876eb5b15ba2d2d5ad63096c0c51af0226e5540f2039e3f6d8fb57abfe2f6627fa69eae67170a57846246997b4febb15eebad5294a50294a50294a50294a50294a50294a50294a507c2782744d635d5d6d61d5bd1b9fe9e5b84edbdb29ec2e01fc50992365fa97cc1e41157dbfbeb4b0b769ef2e2386351b2cedaad49f14facfa521b3fe70b1e6ecef911a0b7cac301b443b04f865e60a25427d02be8f206eb3dee667b5b39babc7e7bdf5bb18c457045bc85119bbd4808da00861e6344104eb8aa105adcd95c341750b44eca24507c994f01948e187dc122b27f89763159f5048b0b4f22ce8c1bc546122cc58b98d8300c58870c36364357ac2e0b21698792d3a97236d8db4f01ee6dec26432ddc6c0770915179b753e44b9507fc2c75ac65fea8f0bdb1092de48ed23bb003dbbb08fc551c2beb7d8decc47237c11e5bab9c110fe531ce410d2dcb2aff9955413fd8b0a8fd0137514b7effc8f1b1e46092311e42dae941b378cf9accc480bee082181e45663d7180b7c7ad95860ae20ba5c7dab5cded9c773e34d6de3b09010c00f1a3501477a8240d770f5386fd5e2262dcf930db9b196eeda616ea5e5452eb181b2e002582fbb0037dbe640246f556cc676b29604107441f3deeaf7848b2d7174f92c45d436b6b64caf777f747b6d21008203b7e662402a8a0b93e42ab75bdbdadbf53996d208ad85edbc7772dac60a881dc6f6549263ef0438424f68703753f9c478ff005ebee32032cd041c219c8542de4493a1a3ea3640dd5eb15032a5eddc8a505a2ac4011cf8ee4803d89501988fb0ab0f4fbe42e32706231b6cb937ba7e6c59fb41006da4126c184aa82c64d80a06d8115b1babed45ddd4361878a36b8ed390bb8164065bb91c05f98894805a32b1f000df2c75a6ac77389cfc76e6e962b441d84823b9403fa01edef560bf42d939476b062c080468b03e440f507dc55e6d2558e1914b69941da8e0820f208f43f63e5564c124f96cec965697cb1ad92cd902d38dc7188f47b49f301d8aae8700b0240aae27bacb33b78bb5bc0a9dd0b329d12be7e64798fd78abb5b2c71200d23aa952fc9ed046b6491e83fd2a147045dd20f99305d2b15b886e50c6d1ca090ca186d5b4c08d8238ab8f4824596cfaf4f4d1197b51a75937b1091b3e0b9f54908200076083ae09154b3ab4c5d6bc6255f2087110dbb806e660971221f3447d98d48f4257eafdc52d2dd9812bd8224077b1a249f43f7d73af5f5e2aa758dacf60eb235e5bdc5c5ca1995e2701e78dc8dcb1f7901d47a6892ba000a98d6b05dfcbdac13cb0dc3ac71c103c046c311ca483618b0d9d9009279d56565e17e3bd7597c0ab04c2fc28e9eb276feb4b6bf3720f50d2b190ec7a005b559eaf237582fc38cde1aef0501b04bb296eab038313394755009720125b407d4c00d797159b413c332ee291587d8d7b7f0d9e138d2e6e7d2ad294ad505294a05294a05294a05294a05294a05294a0551b89e2b78cc92b8551fbefed55abe76af7776b9a0b2646e32339296107cbb30d2c8ca1a43f70a7851ebdcdbf2d769ac4c7c37c464b3072d9a8a5cddf890334b7b21745ed3b11461b61230796ed505c800e9476d6c7000de879d59731969b12af7135bb4b02a93daa34cc7d95890bbf4018aec91a26a9733f5696fe38b3f8c019bc47c75b85c4d93437396c7dbced7b15bea5959418dbc37248450aaa09041f735a56d5f0587b79a0c8ca7397921335d5b5bcccb0b383b54967fc4ea0e8958fcd8ecb7035d41fc6b3e23abbe1ee17abb0d7af722c2e9e3641b4061900122c8874c1959175c6b5dc0d7261c7477b723f975cc70de368adadc385121deb48e74a493a1dada27d09acf93a76aff6393baea2c8d95a66258e2c1da48246c7daa086d9541d84541c7736882cc4b6836cd4896ee3b9ea0b9ea2cbb4ad793ce6786cad24313a83c20790730a850a02aedb5c0ed156bc55a5c2c576b140f1dea4b1c4b653828ec5831641bd6d880468e89076366abbda7cb5c44b1248f1dc0eeb7054f731eeed3191e61d5be923cf7af7158556dd7170bcc84d9cca58c99c108c6d8bf8df256f188add141d9548c7d2198e8163b66e766ac73dde43a9ba9ef6fdcf8d7b90b969db6422804920927845550364f000abae4961c7ddc915c2b5c450b04ba48c8db6b870be84824800fa8aa29d399083a84623192a5f5bdf402e6d6ed5bb619ed79225918fe00ba21c1fc2ca411ba66fa3fb6a320c0dfd9e3619ec71ab1dcd842825c9ddba156c949ddb86d941e52dbbc062a7970859bf281533d34992b9b0b8b991e5b986c2dd4cdbd3f78058b0239076c4f078ab7d8259cf72b87b090cb1cac4dadcb8edf98b9d68120fe15900ec507c8f693c9352fe5a786f4da345234fb509185259c900a803cc9d10343c88d563afb46b56ce244d75739047378e249001b9db890803f330fc43ee7679f3ab7d9986d30191b24016f6f8470ccc090550c82431ebd0f6c685beec055f67b418fb2b88ae5d1aed77e246a430838e5588e0b7b81c0f227758d62d65bdbf8d631e25c3a84277cb9f566fdbccfb0dd5337d55677abc642e4ddddb5f4ac049708b24abbd0127680dafb1237bfbd5cb09e2e3a1b292d418ef05ca64647fc27bd78853dc694b311eee0d7a6c5c1691acd7cc58c881e0b2523c5997f2bc87ca256d6c03b6208d01536658dae9ae8fd2b711a4e8ca34191802bafd391fb567ad7a2f67bfd56ea931ccd750470c72e3af25f985b7906d21720b33443f212580e3cf4db06b2df8236d3e57e20f4fe27c3121b19fe6617239882296d1d7e53a201d1ac6c61af1e783e711a09648818eddc812b460921883a11a68f2cc40f606b74ff0c789c6585fe4fa88dea5c48a82cd3c142c36486758ff0033800202e40049e2a7e29ddc95793775de36f64ba3ac72170993b537782cc20256eac9c0209e48604159177c9560455c71d7596b18d20cf882e587d2b7b6b19547f62c849284fd891f71536d6fda794a88b447e453dccbff00311c2fe9b26ae236472057ab9c67ef2beb57f4465650ca411e95f6be2a851a0001f6afb5aa85294a05294a05294a05294a05294a05294a052954a41311a8ca2fdc8dff00a7141f6592386369259163451b2cc40007dc9ac1babfe25e130d6664807ceab308d6421842cc4ebb4100973be3b5413591e43096d76a64bb46bf9410c8b3b9f0d187910a381fd89ab4c1d21690dfb65af2492e2f177d92eb5e102345608c6d61046c12a0bb03cb567abafc5b3e3fae6aeaeb3cff00557505f60e0b4871d6d91d34d8782c3c2f159549694c259994907658942743b8573fe2b1583b9ea01d3785e9accf54e6526784adec9f2f0c6549059a38f6dda08e4b30afd12c1f49da5b669f31f2105a5fcb68d149247cc81588213bcf991d80920726b8d7f8a9b5ea2e85ebdcae131f2cd6388cc06bdb46b70230c921d4c199406772fe6589015bddab9e7c7acfbffeff00db4bbcd639d75d2965dd678cbfcfe0b122ca126695a42c657ffcb86da32d27622fe167d331f6074325c1e22293036f72f7e1248e66185ca751c02c9eeef0c61008d01692450083b61bd84ad3df0f2e9865d5daea2c262ed14c990bc823067f0c7e4563b63239055402393b3c02449eb7cfdc754f507cfba3db58dba2c38cb6590b7cadb8e514312497f5662492db354d7c77eba9fe4ccfedc5cdae7a0b100a4e32fd5b74addafe27763ac50ef47bb5dd3c9a3e63e826b2aea4b9b46c6c1d176b1458fbecab3a456d8e8592182540ac2d5d4966632315561bfa582ec120d63f6f363a0b887acb205dae2601d6d6de252cd7a06fc625fe909a024d1ded8f97156987af7216b2496b848460a16531cf359b97bfb9ee3dcc1ee981700b124f6851ceb46a667cbdab3724e7fb65b88f8717c2d24b9eb7ccda74859c3189a5825226c8851c822153fd13ec642a4fa0acc7ae6ee7b1c6cb98c6c51adf208b1f91be7016f2188a03116553db1b481b4ce39d900eb75aeb0176b94c8c19ccbc6ad6189ff7dbcb14d88ee6e068424ef97795fb43336cfd2fce8d55c0e62f83643237e4df9bbbd77c82b9d0bc13291347f6e02b03f9485358ef3dfb3cb39cf27ebce1acb239f9e3c161be5a196456925b9ba94476f6b128dbcb2b9e12351c927ec06c9abe58dcf40d8606f0e26293291622eadd2f3a8240f14d7e662d1cb1c08398e058c33004166201358ff5524b61d3af84b49fbb1f74eb3195468de47bdc664f7edf2edf20c09d6f46a0e25a21d3231d20904726404ec91e833aa47da06cec01b663b20fd86ea673c58e2ccb29c862b278acf5c62acd63be555f1d6fcca12d8db91b59de43c28208decef7c006b37c0625acba1307948325693e45ec5a4b4ba78414855ae2458d6347236e4f11b49a50586eb5f3cd3e4ba6170d3058aded18b5adb464f62467cbcc92eca491b62495275a20564173954b7b7b481a0692c6ddc63e7b423f1da35b2ab467ee0a961ecdaac6fd71a6358cdbc8a7f0f45ddde2f3633bf39737f2648497705c395bd443b559598f1b560c195c768054ec56edf8536bd4781c4bdbc6b3e4b11248d90d5ac1a91836877b424ac8f183c15425810090775ad3e1ae2aeb3dd7565d273c4d9517319b7babc5d789263d4ab95918f9a682e893bee21791a03afeeba6ad13226f6c97c0595419113bb6ae9ff0de3d1d2100b2b0007729d1f2d1dbe2f8bf92dd2d8dc9ff00846e94eb1c3e4ec435b35bac4a4aeedced508f30ca40643bf42b596452472a068dd597d083bac76efa62d2eae8e4e265b5c93a806ee18d7facbe8b2a11db20fb9008f42b53f1d8f9228f72ac705c0276f6c488df7f9bb4ef5fa1275ee6bbb1e73d5575e37e976a5784ef0087209f715eeb550a52940a52940a52940a52940a52940a52940a52940a6856a1f8a9f142e70f9dbae9ec1c9043736613e6a792132306750caa8bb03f095258ec73ad56b0c87c45eb5b82dffcd7918fdbb1218c7f60951d4c8ea3bf491addcc4f0a103ff153b93f7d107fd6b967f8bbb03d4f82b6538d81aef05727c6bf8720cf0c11cea0344eac005670237001623b07906d9b55cf55758dd32b3f57e6c95fc3b9c151bf52a0007f706acb92fe71917492f73d7d74d189047f32e640864043b004ebb883a24f3ae3800019eedb3d2f9ccfd73eda47979e45c5bda584f6c10ced2dc0023840d0694caa4103800124fa00367464dbe2b16d7775609d4b696d342e5524bd8648a19f8d8d3004a6f7f987ee2b6349f0becdf0ff00ca20cbdc5b5abcbe35c048d4b5c3827b4b9dfe150741470364f24d57c77c3282db2d3657f9bcb3ddb863034b02916f211a5900de99947903c03a3e62a9623c586750e1b2f8f8a20b69e3db2d8dba3491813c6ccabb240524e831600903756e831d05ef497f35b9b3b6b168ae1c43709de649638c0f14b213a2aa5d0023ea1f56b6056cdea2f86c339996c99ccdc5a49e1470c4b1460944450aa3bb609f2d92793baa991f86b2df2c317f3a923b782d1ed238bc20da4650092491b6d82c4f9926b3ce6c89999dad678f2bf2ad64d7d636ec24f1192697c31230042e988ed2344e81239626b29c9e1a7c59b4c7456f71388a32cd3242c44933e9a4006b7a51dabee346af38cf83b15be56cef2e3312de436f711cef6ed6eaab28560c54907601d68d65190e8cc9e42fa4bd93393a4f32eae0ac602cc7b9886237c10182ec73a51cd67bf8f5f8a787aff96a0ea2bff94b4822b88a3ba89496f00860e0907614820824807d471c8ab9438938b963b5c8dc246d2409716d70b1168ae9594127636508240208d020d67777f0aa7babc4ba5ce4eaf142d1c5b843142c34581276480481bf2dd5c4fc32ba9f1565607233b2d94090c522c00b694104fee0a823fca0d45f8f5e322262f18a74de2a4bf6926b2682e1a1d772238ee121df671eaa402410767b48d6ea1d8cb17f39bdb4bd86f1e48945c982483c391a1e41955588eeed3c90da241247956c2c27c2db9b282ea1596f6e6deeade582e94db11e2072087d8074d190a54fa6bee6a6633e1d652d2e3c68f317b3720aacd08755d00a00dec80146b408acff00874998939e99eff0b38b8a082efa8193e65ef18d9d9cd2c7f2fd90afd4caabb20f71d36bd9762ba2205902fd6231edda2b9bf15d3bd6167666df19fcc2d61ee8da2f9685808c272aa35c15076406e46ce8e89a991da7c45b6668ff00da3cfc0253b556074a7fca585767c1dc67957b89eb8e88000f215f6b9f2deffe215a4db6eb3c99239292c3038ff58cd6c2f879d5b95bfc8ae233cb0c93ba33dbdd429d81caf25597646f5b208d0201e07aef352ab736360d294ab2a5294a05294a05294a05294a05294a05294a05294a0d1ffc49740e2e5c6e43e22c46e52eec2d41beb685828bd8d7807bbf2ba83c372081a23d4737dd64b1d2216b583296c4fe15675907db7ceebb63e2d5a9bdf85fd516a17b99f1372147dfc2622b87a18c3c08da1ca83fdeab568a0731708c4017047dc7ff00daaf0e7ae35ff0e5fdd49afbe0293c8aad05b2f91515559ee3cf4deb1b0ffd06a6266ae5345a26d1f7534b6b68c905800073571302787bd6c8e48a84a8c19abbedee16cc40f5086a6479bbf5048b461aff0021aaf6910f082eb676346a6c518d1e38e39a810e3cf644795abffec355933d9051b368e37fe4353a3b75d835322b68d93b4f247240e0d12b6c3d4792f25b79363d90d5d2c3ab3aa21ee5b4f9e88ec16119239a456aa012633c9d2fdaa6d9c2a80cbbd053a6503923daa0784eb9eb2d9d5ee5413e7a948dd793d49d4b390655bc908f22cd52e48150868c831bf2befafbd7b890513c31996eae94325b2dd46bc160272a0fb123637578b6c966248b57de24eba074cc0ebf62c7752f0311f9098950416d2e8e8ef807f6afb76a15437700dd8401ebbf235022c5752decbf2b696eb6f232fd324aea06f7cf001f4f7fed5b2be1ae0561857a92764f1ef605f06de2eef0add0f27b7bb92c78db687900001bdeb6c6c61f23b2aa5846ecbb3a01829d56f1e9d845b6031f0727c3b589367cf8502b4c29bf4b85294ad1994a52814a52814a52814a52814a52814a52814a52822e5a05bac55ddb30d896078c8f7da91ff7ae02b05d59c4bea1003fa81aafd07ae09cc5b0b1cee52c80005b5f5c4207d965603fd05574b4455d54986a32d4986a8bae16c3e95d681d9f3f5152987a6b478a8f6c194af03608249e411525fcfec7c86bc85289b683518e37c8353e00082760fb55b2066ed3f511e5a1efef536d58280ddbb3e46a1313e223bc29d83e7baaa9d8cfdc4fa8e08fc43d6a2c47b98b06d1df02a65b44491dc46879e8d04c8c2f86d12866edd68fb935ead914c9dae46b47637ea057b837afab40efd07a57b96389493cec8fa47df7e75147852c428624851a02abc42a82f249279a9300e40a8599161d634c7176ee20962c77c2eb406fd767d057c8b5797b13282020e4b11b620ec6aa963990db496ccca88c859891cb30fc3af6d6aabe1e32d3997903b48da9fc04fbefdfd282263c1fe6bd8186d848a4eb63904122b7e4681115079000568ac1a86eaa822880f0de61181bfca5c0adef5a7c7f4cb65294ad14294a50294a50294a50294a50294a50294a50294a502b883e28db0b3f89bd516de83293483f473dff00fed5dbf5c6bfc41dbfcafc65ea01ad098c130fde1404ff007155d273f6c250d49b71b3a15152a440791ebcd51a2ef69f52a7a93cd567fc6416d907409f5154ad7b41d81b0be9ef5edf4ce1b7a249a099015f0c2e87703c7dbef53608c13da5b4ded506da362c06b609f3f422ae36ddbb2dbd966d6c0d54255a0463b035af53af2ab85b81da003a1ef512d94282364ecec9d7954a889f41c1f4a09d013af3d0aa97234a8a75b049d8f6af119d73ad903c87a9fb57d9dc315001040d9df98dfa5451f12a4403902a3a54ab61f50a85977b38a49212aa9dc9190cc401b03c8ecfe80e855db190a4734f1296fa42873ae39275fbeb550f087fa53aa2f7392a40f21ad9d927fed571b7411e4ae74e18385207aa83b001f4de86e822747aacdd7d64a84c6be312175e6141207dbc81addb5a67e1b4466f8868ec7b8c31cce4febf48ff00ad6e6ad71f4c77f65294abaa5294a05294a05294a05294a05294a05294a05294a05725ff001530083e2df8bffdce2e093f70d22ffd14575a573aff0017dd3776f7386eacb5b769608d0d85e32ffe1f736e2247a02c5d77eeca2a2fd267db4321a950376b03ec6a2bac9076f8e8d1f7796ffe9fad558644d825ab368beda9d06d10bc79ff00debd1fa9c12468fb544b6b8b6ec2a642a7c86c1d7ef555658ddf61c6bcb7417ab2d98c03e5be0f9eaa6c6178e00f503d8d5bace68bb00322798d73535254d8fea27ec45409917afa54843c6ff6a891cb1eff00e2afb6f62abac917ac8bbfb1a257081f8d9e391c1af80b7731206c9d9a8e97110420329df968f20d7b8a44d6bbd6a28951d4ab5e585424953fc42a55b4b1a9d9702a16659800ad68e038ee2fb23d40f41bfbeaabc2cad959881cf6a0d7a9fb9fbfa540c25f5a7c9b44187881896046c36fcaab9bb09768ca9e3099d620235dbf71e1401ea37bfbd10b8fc2188bf59e4272ba11db30fd099071fd81adb75af3e10e29ade6cbe4f6af6f34a20b5901e245427bd87a11dc4a83ebda48e082761d6d9fa65abda5294ab2a5294a05294a05294a05294a05294a05294a05294a0550bcb6b7bdb496d6ee08e782652924522865752344107820d57a5068eeb8f801657ccd2f4b65063c372d6776a6587ff4b6fb97f7eead519bf81ff11f1ccc6d70d1df2a9fc769771b2b7dc072adfe95d914a8e44f6b856e3a17e21d9efc7e8cce1d7fe55a3c83fba03510e23a9a0ff8fd399b87ff00c9612aebfbad77ad2a3c627c9c11bbf8b896caea33fe68597fea2bd25eca9f89586bdc6abbd694f13c9c2299265d73adfb915222c9b11f4ecfe84577352a3c0f2712c37974da0b1b93ae35a3bab85b2e5652025a4841f5d123f7d6ebb2a94f04f9d7245b62ba8e51b5c75debfc96d2c87fb2a9abd59749752cac378ccc91c1d2e39d363db6fa00d74ed2a7c223cab44e17a17a9cb7f4702d6e49d78990bd4d11efa8cb301f6d026b36c0fc3d75b8f9aea0ca1bc2bc25a5a47e05ba0f50792cfbf23b201074456c0a54ccc88ed53863486258a2458e3401555468281c003d80aa94a54a0a52940a52940a52940a52940a52940a52940a52940a52940a52940a52940a52940a52940a52940a52940a52940a52940a52940a52940a52940a52940a52940a52940a52940a52940a52940a52940a52940a52940a52940a52940a52940a52940a52940a52940a52940a52940a52940a52941fffd9, 2),
                                                                                                              (14, 'Raja Nichols', 'Error quis vitae fac', 372, 0xffd8ffe000104a46494600010100000100010000ffdb0043000503040404030504040405050506070c08070707070f0b0b090c110f1212110f111113161c1713141a1511111821181a1d1d1f1f1f13172224221e241c1e1f1effdb0043010505050706070e08080e1e1411141e1e1e1e1e1e1e1e1e1e1e1e1e1e1e1e1e1e1e1e1e1e1e1e1e1e1e1e1e1e1e1e1e1e1e1e1e1e1e1e1e1e1e1e1e1e1e1e1e1effc0001108012c010e03012200021101031101ffc4001d000100020301010101000000000000000000060704050803020109ffc4003e1000010303030205020306040505010000010203040005110612210731131422415161710832811516234252916272a1b1173343539224253482a2c1ffc400190101000301010000000000000000000000000203040105ffc4002c1100030002020202010204070000000000000102031112210431134122516132b1d1f01423427191a1c1ffda000c03010002110311003f00ecba52940294a500a52940294a500a52940294a500a52940294a500a52940294a500a52940294a500a52940294a500a52940294a500a52940294a500a52940294a500a52940294a500a52940294a500a52940294a500a52940294a500a52940294a500a52940294a500a52940294a500a52940294a500a52940294a500a52940294a500a5455ad7561775daf4634f38e5c90d952ca51fc34282776c2afeadbcd4aaa334abd1c4d3f4294a548e90eea175134d685761377e7e421533796c32c95e129290a52b1ec370ac867a81a31eb647b8b5a92dea8f213b9a21df511fe5fcc0fd08a8d7e22347c3d4fa11db83a312ec81735957f5b691975b3f45a13fdc26b98117b61c05c69412da51c048c6d1c04815e7793e55e1bd6b6999b265a87a3b6ac37ab5df2179cb54d6a630145254d9eca1ec41e41ad9d736fe16dfbddd2f37230ee023db2229b54c68b615e31505842467b76249ae92ad5e3657963935a2dc77ce76294a55e58294a500a52940294a500a52940294a500a52940294a500a52940294a500a52940294a500ad5ea49d2ad962993e05adfbb4961a2b6e1b0b4a5c7943f9525440069a8ef36fd3d659177ba3e19871d3b96ac649e701207b92480057287543a973353dce538e4f94d5b50ac46b7b608c24762424fad67bfbe3b0acde4790b12fd595e4c8a0c2e926b15dd3f1176e94e419315dbbdde538197c616d8534f28a4f03253daafceb06babbda6e5174d6986caeef2501c529080e2d20921294a79054ada4927b0ae59d23aaaf2c6a16352d8fc77956d702d04c552dc756bca3c16d241dca582a49c761935d89d210e4bd24c6a0b932c0bddcf73d70525b295b6bdc406179f502d8c3641ec526b2e0e572e175bf6558d369a5d123d34bb939a7e02ef2d21ab92a3a0ca4248294b9b46e031c77ad9d2a1dd51d7968d03a664ddae0f30b7d090588aa7d285ba49c7bf648ee4e3802bd06d44f668f4bb3f7aa1ab2d3a52ccc2af56f913625c1ef26e21b4a48daa428ab7648c8da0f15c577ad32d5be4dd9162bb2275adb5a0c55bfb9b7761502942d247e600edc8e15b49a9b6a1ea96a4d7f689de7ae96d4d99b521c5c76e3ec18ddc149502b247deb41023a66dce2362f0a4da9e7d027a5084f8a5949ce52a39194e4e323dfdf18af2b3e7592b8a32de4e4ce90fc2dc0d3f6ee9eb8c58a6bb70906513729aa8ab652ec829492946f1ca1092948fb55b84e013500d052b4ddc2c2bb1e8fbec661b8b1ca5b6222085339c80b5158dca39e4ab8c9ae7987d5eea258e4b81cbf2e5ad8754cbcc4b650e277a55b540f014391ec456cff0011386253fbfd0b3e45096ceb8b45c615da0353edf25b9319dcec71b390704823e841041079041159d5ccfa0fabb02d5a9ee77254079ab55d9697a4458ee8712c49c61c7119c70b3c9157ce93d5961d5105a95699ed2d4e2371616b0979bf90a4672935661f2232ae9f64e322a37f4af90a0720107070715f55a0b052be37a7c42dee1b80c91ef8f9afba014a52805294a014a52805294a014a52805294a014a52805294a014a52808a75534c2f58e879f6265f43125e095c77179294b89505277639da48c1ae07d4d6fd69135937a4858ee91352b4f8f2e9420efdc8e42d0a4f05031bfc40768039afe816b2d42cd86da5414854d7828456d5d8a80fcc7e1232327ea07735040bd4fd46b1baf5a35ea74c986e2a3cb6e1c1438e21d4e0fa9c5ab849052ac2426b26598769fd94da975fb91fe945fee7a97f10fa81db8bd195fb36d5e5ca63af73485ee681d84f749216acd4f752cc4e99d4afdc6d925971739accfb7295d96061b9200e41c00858fe601078d9cd156ad5da7b454f6a4698bcd9eed79bc5b10892fc520ae0250b538b5ac0f42dc73764838282d8e142b32d92ef4624cbccd6262bcca3732a592643a9ce52bdbf98641c8079acff003fc73a5ededffc90f9782d2274eea7b93b7543eece75c7410b052ac2129efc01c7b1afae9474c2d57198f6bdd552d1aa2e339e71c8865a02d11dbdc427293c158fec9ec902b9ed7d4291fb5eef043e4aa44521bca30b64a309515a7d8a81ab374ce90d47d46e8741168d6d32c8f36b941982f2f6c494da5c2095ecc398ddc6e25607f4d5786dbc8b6b7d6c8c5375e8d1fe203a44ed825cfd4ba0d933ecae050bb5aa290b720679deda0725bcf251dd3ede9ed41a2eefdbe0b5e04d014fa7c4c255956cfe5e3e0f26adfe96688b3585d62f935665df90438975a79486a22b38c365046ffaacf7add7516d7a34695bb5def96385b588eb703acb494480b248406d431eb2b34bbc755d20dcbfa237f87aeaf7ee4da6fca72c2e5d2e529d6bc279c95b004807d2ae0f0092ae064eea85ea3d482fdd45badd27c2621b57a0b754c465a92db6f146378279e56372b3dcacd5b9d25fdc2bf7486dd6cb7d9599ee5b1c53772913a1a12eb8f399739527070376d15ed3fa63d3a722f8d28dc61290acbd2173408f118fceebc7292adc942548427d40ad48c8aed3e55f1efa1ae55c7e8a274e5c9fb705b9233b776dd87b6ef7e3e055cbd02b539aef5722521858b35b561db8485fe4e390d03ee57ee3d939af4d79d1b45bfa776bd49660872221b4c9760296871f8c8739480bff00ac00290a49f704a6b61d22ea3ea96ad5a9b4dc84b4f33074f4b98d04436d8723a9b4000fa424293cfb826a2f14ce4fcd0a999bd32cfd25ad9a89a9e63808459df5e4a7d9a4a784aff44246efa0ab1b496a9b56a5b02ef905e0986971d415ac8184a1446e3f00a4050cfb2857133d79ba6a0d1b22dba6234db8cb96b425d62332b71c5340e54801193820726ae1e92de6fadf4f6e1607ec9260267079a264c275b585b89d9bf0a1d8577c5f22e57e7ebb3b8f235ec965abadba66f3a8da9297cc0b7429121b7263abcb4ec70857acfba4ef4a081cf06ad0d1baa6c5abec89bce9d9e99d056b5203810a47a9270410a0143f515fcfab74897a2ae2fdb2ec026532b2db890bca7d24a7724f63b883835d5ff8707266a9e9ea9c6ee936dd0a3495b510c3d8df0405ab292820fa944e6afc19eddf17dec945d72d32f2a560daa34b8b0c3532e0e4f7124ff196da50a23ea120273f50056756f4f66814a52ba05294a014a52805294a014a52805294a014a528057e12120924000726bf6b9fbae73ef512e7715ce7e5b36f0025900a92d16f1f3dbe735566cbf14f2d6c85df15b307a8baddeba6be0cc8b6bf0ad0ca022df29e42922680bc38e2091828cecc609e393deb9eed7ae6f7a5ef1a918be4492cd93524a08b9448ae843ee34da965210a07d1b82f6abfa9048ac44ea2b96a390bb4c27ee7726a2bcf3d65651b8a90a527d41039c20909240e0919afc1d38d6f71bbc3173b32e1b321d0a98fbafb6a4c500fac9c1e4f7da2bcf4dbb754fd99fbded9653f3b4eddf4bc34e8eb2422af26b9721a3b2237694b6792ebc7818033bb38ec3926b47a6faa9aff0059495316fb3dae1b0950f3575f2eb586c7c04a95b0ad5d80acfd75a56242d11034ad8ef939e6de099b79885bdac2a6040f0c2165216b40e708ca91b8050f55411dd67ac6dd62469e816bb3dbc320b6890cc73bc7704ed24a7713ceeae399f53adff2fea474be89ddb74858357a24de54edd937845c56ca3c1096e1b91921216b276051714a2e01b49191cd497a8521ed23d329ef59d6222d5e5e128c701282cb8bc2d1b47e54ab9247b9a84e88eab5ab49f4dec6ccfc5f24add7595c48cea5b996d4b6bc143a95ff00cc0ac85a163e5685728e741aeba85fbf4b4442caec1658319e96b6a615b8b9ef600436362701449f47b0395134f86f9255ebe89f07b52fd1b8d3da9f0cb60bca19013dff0053815a5ea85eae5aaaf11349595a9524c6713b988cd171c7e5293c25291c929454091796e03882dbe1e521056d8f758278ddfd864569ad574ba5b679bcc6bbc98d3d0e190890d38a4b8873bef4a8720d30f8ee6b67271397d97b74da35e3a6cc6a7d33a92dafdb2e287e3ca5b4ead2adc85b4ac292a4929503b482413c823b8a971be436af09b45ccb12653ab64b0d9f533218711bd2b00f047be4fb8aa7276a8d6179b632bd4fa8a7dd1f0da9495ca742951c2ca5784ab19c7a41c1e07b56dad91b54dea3c6b75d2038e2622c39124b6b421c641ee84a8721b57720719ec05539e27e476d90bf6eb67405cee5062d8244a7da32d8282d351da4025e714084a103b0fa9e024024d68fa6b706a1dddb89aa50d3d639a52dcc8a95e5adc3842de3ddd48c9050708c289da71509b844d6106109298cec9b6c64151c3c079749233b812370c9ee324d497a656c8fa9753b56697766e038f64b6bf0c9f18a79284f2005632466a31793927284db4d712557381d3ee96f5aadd3b4eea776db70bb462ea2c862a9c85310e2884a5b79230d02524a412a4822addb96a566fb6f620d9a53919529b5b93e42484b96f613c384fc38a3e94feab1909ae61fc42f4f55a5b5bd9ed91274b6ed3313e3d99e7164b70e70502eb69f6425c5042f038dcaad845eb0881a5ad568b95b36dd6f2e0fdab393e9de1a51e03607a40adbf2bc76d6b5fb7f7fde8ba7238a7d1d2d6563466a369a6dab1c07ff0066a12d471261a14a69b1c27615038152c61a6a3b496996d0d369184a5090903ec2a96e936acb5477dd993112633321b0943aa4650819ce57824a73c73d87bd5d4dad0e212e36a0b4a802140e411f20d6ac191649dfd96e3be4b67a5294abc98a52940294a500a52940294a500a52940294a500a529406baf7756ad310ca7d87dc693ca94da41da3eb922a9eeacf52c49b7b96ab6b7e0c390d29b79c7d2373aa2384363247dcf7a9df55ac773bddba28b724bde0ad4a5b216125591c119ef8aa2357e93952dd4c4b885da0b4ade871c6f73817b4e1494e40c7d4fe9587cac96ba5d233e5aa5d223bd1efdde9d0ef773b30daf3531311c7941208f405a923e855dc8efb6b7b7f76e10985bf161bb7109db9447237119e4fab154ec387a8ba2f748d2a14fb55e917442c4cb633e27a836e7a14a247a16a0a2414956de42aae6b320eb2d2716f31a65cad8279500d9295389085149493ca55920e08ac797169aa97b45753aed105775adb2e388ed2ca5d6d2af43a82084e7941faa55f1dab1e769cba4fb4aafb058121a00a971d192f2523bac03f987d0735a1d7360b0d8f5bb5a72d32a74eb885efb828b836c44ab90cf6e5c57757c0ab8f4f477edd68692d2ced6d036ac272a4fc7dbef545fe34bf72b68e6c4c3615aaa43eda50a2fed750afe8ca7040f8edcd591d3ed3e350ea08d01df4c54053b208fcca423957f7fca31f39ac1ea9bfa7f4f6aa725aca61b9708fe61c1b3b9de52bd84679246e20578f4535cb72b5d5c830b2cc062d6b0ca0f0a795e2a32e1f82076157dcd54f27e923ba6fb7e91775fb44e8abe595163b869f86dc1093e5d71dbd8ec752bb2d0b1ceef72144838ae56d51a0750e99bacf8f2a13f2a2c193e1a6625a294c84fe642d03dc14e3ec78ae8697ab52f2c16168095ac361649080b5738fa67e2b7ec4a7fcaa8bcf26521283bd0a1804004e46780477a863f2297497476726ba472fb770666b9e8daeb49395a71dd43b208f6c7720d4c744f5051a424331af83cdd99f5e367fd68bf2b6cfba47ba0fe952fd5961d33a9d872e2e29c6e743c25b990961a5bcda8e4789818591f279cd541ae342dc22be0dbe619acca2a4a14e9c2dac0dd859ec411d942ae978b2e957a24aa2b4bd17aeb7ea1e80568190e8d4b164c7b8ed8ad08c8dcf23728152d4c9c11b13927763900035a0bedd74eb9a81e99d3eb8499f686d4cae14b421c4b8dac252792b4a541695827b5555a0b5bebfe9c40b958acf7136c62eb853844769d2bc0da5485a81c1c54aba41167234dbee4b93ba02242fc923185294705c2aff08576f924d772e1c78f1fe22e654ed16275f3a9c2fba9f4f43bd468b70d390ecb1ee52e37b998e8209e0fa568c14807b6e5d57f3ec77162fcccf9b124ca61f407e22e365f69b42c6f280afe6201f51200352899d3ebb6a0869bcc07211908528348756a4bab48385720608ff09ef5bfb6dae437fb3c43bacf44a615b1b93e294b892a496d471ec3692909f61555e5f934fd339591525a4497434a84fc042a2b4b8ab4a427c2fe9ff2e7f28abb7a572132204b2a5b9e3b4e25b5a4b8a28da0652a093c2544120ed033b45732f486f7e06b55e94d47724d89a82e2fccaae78655842b0128df8ceff615d5168bb68e876c9970b44d8263b68f16418ee6e56d4fb919cd5be1e3a8bdd3278569f64aa95e6cb8879a4badac290a48525439041ec6bd2bd6350a52940294a500a52940294a500a52940294a500a529407e1e0126b9975fdefcfdfee13494a52f2f281bf9481c2723df8156a6beeaad974d3ef408f89b3da3b1c41252db6af852b0493f41544eae813e7b4e4d8b193152029c536839564f210949e7fb9af33cdc8a9299665cf49f48affa952e3c8b7c53bfc561e5a834b57769f4f271f4503c8a80c3ea8eb0b65b57a6f4c5ce4408ca714a539b53bdb278506c9196c1f7af2d493274397261dd12e86c3be22da08da595f6040f9503ca6b7fd3de965c351ad77f97716ed76e7472035e23c559f4808c800e06e24d7317185d9c8492db34fa11c9f6ab8aae31596e72db3e24c1209517f7139cabf30593ceeab53fe2e06990c1d1d292ef65a95313e101efd93b88c631513d49a65ed1856205cd37242b2e3895b5e1ba948e3e4850e7b0e696e32ae901a720da67486defe1ae432d6e4379e0927db6824f354647bae5ad9075b647fa9f3aebaed51598f0bcdce3236b0c4740fe1b7b4ffa7b959add7437a5efb1d408ebbfbf1dc6a2c67642a24774a8baa0000dac8182839ca8559cee9dd35a5ed328418a21202021c9485294e384709df9ce413ce0544ecb7a75c538c0df1e4c77b242094af7039efdebb59ea1709f43e469715e8ccea1582e31f53a198f3de8b69984ca296e36e41791d9ae384a7d292335e9aa353df6dfa41b6936c704b96c96e5cd4a9296e2a4f0b4b63ba9c23b7b0049ab0625b1d9ada674b98f4c4bc84b88538add84f7c63b71517eba595891a0596db75b4388b836a0d9736f8e36a82823dcd67c75b7dfa22968c1d1cc5a7c8b511b86c065490a741c9200e772959ce454bec5a66c53ac51d571808b8a648f10add5a882093b0a30401818aa41fb7ea167485c1bb5623b7e195f85923c548fcc852be31ce06071cd5a3d14d60cdcba631da9ab28b9d97ff41352b5f240c96d641ef94f1f4d956f1fc1d6fd095d6cd0f5a3a6b658fa65e9d630b659414aa4452b2a2d8ffb8de793b7dc5426db7d663408f06da5a11a221294b615b8ed49e127ea7927eb536bb6a917dd4fb1d7162d1076ae4a9b584ef255b528249e013df1cd6c7ab570d3507a652e43ac414252e36d40315a4215e36ece10a03b6d0add9a636ed29a3abf2e8fde9ceaf0de81766cf730f479ee308423f392b214da123dc926b49a2f506a3bbdc6e5195695c3b8452a0a4481e1b4c1528e06e3dd555a5a9995a92d5e4a24e44786252df530e1ca94bda120fa7d9207fa93567f4c6cd7ab3f8a6e6fb298e1484075e5953783d836ace0771dc735cb889a7bf7fc85ca93e756a6dba2b52c3d4377b63d7187716568717140f10484278f52f8f5704e7eb8a9de82d4962d4f014fd99e525e69092fc37d012eb39f94f2169f6dc2bf7a9316de7a777a1760d9868637a141c1c3c950d9b4e71e2051c63be0d40ba65684994ccb8819033c2d0acab9e0faaa37c1a55aece36923b33a792952f49422a68b659478238e1413c023f4a91d726f489fd66eea0956fb56bb763dc12f2bca3171f11e8b3529c929272521581d800a23906ba9ad8a9aa811d5716986a616d25f432b2b6d2bc7a8254402467b640af63c6c9ce11b315f2933294a5682c14a52805294a014a52805294a014a5280554bd4cd6da82cda9645b21169a8c19484a8232bf52795827dc1e055a929f662c772448712d34da4a96a51c0481dc9ae7eeadea4fde09e830a1b6df974a92dab1975493db77fb84fb66b27959784fbecab2d6a7a2b6bd4f60497e5871b992e3283ce209fe2e739dc527924f73f5a9122f5119d2cedf54a53cdba801a4a14372d4bf719aa9753e97ba4ad40f5d9f755e1029432f38ded52940655948ee00c609f9ac79d7276c165b658ae8fa9889254b7609daa5257b8e31df2369ce41fea15e6ff00134a7b66699dfa3ca5a5fd61a95d75d6988d110e0c21b4f7501ca89ee4f619a935e75a49d0ceda5e62099d6c928546971776d52568c142db5ff5e09182304543ac57d8f609f2235c73e55e5ef43c84951657d8ee1df69ff4a93e9576cdaafa856cb5994c4e87199933ff0084094875290120abe392702a6952adeba48ef172d6d74463aa9aa216a2637c566e2d2928063a1680d1695efe21e723fca6afad3f608b65d1d0ec10900476a3a77ac904bcb524294b52bb9dc49c56b6e7a5add2c08898ad82bc23011cfab38aac51d43d47a72fb274f69a9d0e65a2d27cb812a387b6a867721a5704252723926a13fe64f1d68e2fd0de6bfd397a9be2c068cc96eadbd9150d3db0b7b4e4a964f070315a4d496093a36d96cba4bba09372b8cd537216404a36a500fa7dc007033587ab35deb59f1d6e469512df2e20f192ec48c12b18e7605124f6aafb51ea4beeac9424dda7bd36406bc3ca97b8369ce709c001233cd4f161753aa7d1dc71cbecb7a3f554e9d8a98b6f65abb4752f7bc9796a434dfcf86a1c951f7e31581a5f5fc6d7faadc17f7188688ebd96ac7a594150f5a0a95cef381eb577ed55e69ad38b510e16d4e6d191c9ce40ec33d8d4aafda352ce9f95796d85a5f65b4ade0de36abeaa18e48ec4f15d71894fc61f15d32dabe331f4f58a74c963cbb2195368c8ff009ab52484a00fe63935cf4d5c2e767bfb4ddb16849b8440cca6547d0e250ae09c73b87b1afb4c990f3f122c49ca98a5a32a2b5a9486d47b84824f15eefda6e568d5b6abd5dca4da94bf054e32376c4ed3b82938c83ce6a58e142e3f5a1292e8b0ec16dd35aaba7b05465c2b7dead2e2c3ccc85e11252970a925c4f1e203bb823906a7fa374fadd2a9973430f78a33e016d3e0a12aee0255c631deab0d3b22d361baa2e2eca893ecaf00e38a6dc495b601c788d83ce41e0a6ba034c4db5de6c8cdc6c3708f718247a5e8eac849ec4293dd3838c822b2e455cba5d114b7d94cebae9bc6d2daa624fd3c3cb59ef32362238502214c00a92849cf2dad21781ec462ac987698b77d32f58ae0029a9910c458eddc7a483eca49c11f54d61759af2c593422a53a36bf226b22184a304ba856f2a03dc2520f2391902bc06ab82ed923dd19233212de63a540a92eabf908ee9c1c1cd7727374ace53ef673bda6d2f4a538ede660418eea9b90b79653b5c41d84ac138f13d3dfb9a92f49b52dc9dd4ccda2df734c581e328a1b4b480a583d90a3839cd7d5f3a53a92fbd4876e2e44437a7ae9752ebce31250a31db52b2a5a923f29233838e09a9c6b9d0e88b313a8f4c5ad88ce44092eb11d1b4adb476200eea481927b915a72dc6927deff00e89d35aff72eae9c59ed375b80b6aed0c42928654e22e10416a42140e42d6a1c39cf62b071577db3cd086da676c321036ad69e02c8e3701ed9ef8f6ce2a8dd2ba6354aad31b54586eab5b8dabff8e8e3710005ad27b2d2ac7e43f706ae8d2f7255dec10ee2b6fc271e6c15a3046d50242860fd41ad3e23fa6b4ff99761fdcdad294adc5e294a500a52940294a500a52940294a501a8d4b666efb03c8bf25f61852c17035805607649241e33cd51baaa146b25f66b0b6df08656508fe195b8b47b1e00ee3e2ba26b963f14d72bdc0d5ab830e66197a325c58751cad0a2a1b52b18294f18e2b17978d35cbeca3325ad957eadea1c8bbeaa83a5b4f5856643f252c97a53a0948ce565294f09e013c9ad27e275e891edb6c83e6409a892a7d8651dc3453b7c43f0090315bbb547d36fdb3f6f7492da626b086a30eeb6ebb4cf18c34bdda4472a012e20149049f52428129aaeb5c74ef5ab3747675d2745ba098544dc152090b58e762b70ca4fc0c6daaa31cc644dbd7fe9052a69366fb4935035ec23e55a58991da479d71d48010a231c7fdcced27db153599666f49690953eca131a75a5854d65d5202b7291c9dc0f052465245541a33515ef435e9a45b603528c96d4ccb80f6405949c85647295027850add752faa378bad89fd3c2c0d59e3cc484bef2dc2f2d490addb50784a47033dcd72b0d3b4a7d1ce1da4bd168c9beea1bfe96488b1156072e3112b53cc480f3ada1632420f03d43dfb806a9d876d7ac0f796f15979264aa3a00052b2ace3d493dab75d3bd7777b7d859b2bb6c17fb6434ec65c492dbf1f3cec0ac6143924254322b55727253fa95bbc376c94f06d7e221a920faf1f942b6f602a0d71a73f4474d373f4666ae50b1c5bba243e1df12202838e72e0c2524542746dd235aa7a3f684375fb7baa1b94da7d693fd4907f30c7715f5a9a65d2e17c759bc05798dc1f741eca511c71ec00e00f6a34ca4a56b50fc836fdaaec78d4ce9fd964c24b474568c8763b9c24c8b3ce8739958072cb837804f629fce93f715ebd43723d9b42dc9a710e4876623cb34d34b4a5d19392a3f44ede7355a0e990b568db3eb053921e98ff008131e69b2501a614acecca792768dd9ab30690b585a7c88f1da93b5c43b9dde2215ca540f2483c1ac36a61fe3d943497a292b0a645a65aee73edd3951f9595c66d0709f83923153fb281afaccdb91232615a5890a0f34a782de5b891e92e6384a707290056bbaef7d8d68d3cbd37645b4a96eed17475a503e0a7d9ac8eea51c1560f0062a01d27d74742ea5905e8ae4bb64c3e14b61b203aad99d8a4295d94147f5048ad338af2c73f4cb563773cbecb63fe1d4053a56638c9200514f23e0fdaa1faad87f49eaf422c13255b6426220bcb8cf1412492a0956d3cf00706add85ad74f5dace9bad810f5d9d7414065482c14af03285a96368092476ddf4aa07594dd4a9bf4e76f2d34cdd9f73c67c298da391c6d1db6607045430c572d532309efb3eaf575bc5fef0ebf719f3af32d082a3e2bc545b47f363d92327b015bfd3da8a2b7a8d32eeb219831cb68f110f1296c3a12029400c9c7191516d017b168d5569bc4a82faa347969f33846e4290a3b57cfb8c289aea4b9688d3b7592b8532d8c486d4e7864047704d3c8ae2d4b5d325934ba68d1d97a93a3a54b8d6eb4dc97749d25c0cb68658521a0a23ba94b00703d80a905a7505b5d61387b7120ef2904a71d8f35cc51a149d3d7b94f40064c7817475a624a0e51bdb5f193dc8c01cd5e3d06b7df6f8892b6ad939c29565b6c0012d36a24a4823b82411baabcd8936b8b2353ad68e9ee90df45d74d370a4380ce80036e270124a39d8ac0fa707ea2a6c2abfe9ce92b95a67fed79eef80ea99532a8e30adc32085120e01e2ac1af57c7e5f1a55ecd58f7c7b14a52af26294a500a52940294a500a52940294a500ae71fc4ebf1f50495db52d2106da9204940cba5446548cfba7e9f35d1d54cdc7a7d7eba6a3b9bc1a663b2f4a71c43ee399ca54a2410064d65f295d4a992aca9b5a4537a46c68d3ba759b76e68bdb12ec8736e3c55af92547be7b273f415f7a8586ae9649d6952d2953e82632d7cec77bb6a3ffdb83527d7560b2c0b14bb2dbb524f99764b83124b4911a3807d49401ea51c640ca88aa1ee172b8c655c6dae4b92f4a8ab6d49cb7b4ec5929ce3ef826bcca8a75b4fb33717b2b8f352246a582a9095256905b5215c6082477f7ed8fb0a9a46d302f3294993252db0958560237a8a87be0f1fa9af1996e66e11c4e7e206e7214a21e6fb15e7b9c70413deb2fa5f35f9adb81e09696870a5c4ed2307bed4a4f2455f9323e3ca7ad12ae496f5a2d3e9c582dd6bd1edb09fe328497d6b5ad002d6addc03fa62b55d4ed450348db8371d7115a826731da708fe0b7ecf2d3f1ec81ee6b60c3b3e0467d70a5b2cb4a4788eadf48525bc775f3c0aa2fa82f47b95c26cb9cf07e4bef1578ce70e248ec7ec401e9aa70e29c97ca88c254fb342bf19d98b796b54952ca96b7caf728951c919f724f3fa9ade5ab4bdf2f100dcd971ab65bd5e86dc73256ffd923dbb8ddc56c20f4fb51234fa6e53536e80ca9a0e21991276b85046412900ed047cd67daf584869a4c5b8b453b02005247a76f6491f4f8ad7791afe1ecb6adfd16d5a359db55a06c9066c90678b7a232d278716b6fd1823df3806b4fa7e23339a951dcbade62b4dad6d9851a4a984c52aef8f7e7fb549f4a694b25d3a750dd891f26e680fbf2d947f14ba1676a02bba761038aad36df6c775931a219922fc2512f78bb551f6e084ab8fe61c1093db06b0ff00a9bf451b7b237abac4ddb67deac8c3824969df2cca8e125c2ac14838e01e79aac6e51a4c2ba7812d95b0ea17952563e55dfea2afe9567976961a9f774256ec90b716b27254afe651cfbe4e722a12f5aa2eadbb2c4e9621dbe21caa42402be7f9119f9ee73c0ad9e3f91df7e8b7165d7bf4595d2a7e0b7d2ad3cf358dcdb6ea540f07c44babddf715a7ea3396ed4222c22df989511d0a416ff37867f32147fa7b1ad1dbad73985c3d3d699a536993316a69d2b0b5a105b2b5afe0e36547ed62effb6e5b6869c75483853416029c27f2e6a870de477bfdc87db68b4b42e88b3df4bd32ea95984d9315b8f197e1ee594f24287608f815afd7ba875ce8b7d5a4225e90edb91182624d31d3e6971d6309dce7b2d2329c8a91db350d934d5a61db55319062b5b565077171c51dca3f7dc4d44b5cdc6e5aaef49f24c21b619692d216b6f2e13cad46a1195baefd119ad7b32bf0d2985218d49a6a6b21c280ccd4789eadc396d5fee9357ce88651a72fb6a936f78c769b988654819082dbc405a71f070158ec14806b9ab4ac09fa5f5640b9c63e5a7ed714b0bf507127d2a4a81ee955760f4d3463b79b3da2ff00a8932234a6dc53be540d88713bb2daca7ba4ff00b8ab147c99b9632c5f957e25bd4a52bd9360a52940294a500a52940294a500a52940294a500a5294073bebeb17eec5fe424af7477b2f32b524e4824fa73ee41aa635158a65ff0051264c7252ca50125446d0b39c82af73ff00f057753ccb2fa363cd21c4fc29208ae77d5704c1d7d2ad7e1251e3ce05b4252129295ab29c7d306bcbf2707c6f73f665c98f8f68a0ee10ad76765e89749a630614729390e387df6a3be0fb7cd4174cdebf635de54c5c59521b7de0233016370255e94951ec3e7157d7e2434a4992fc1bdb4cadf4c66151240423729bdab252afb552979b4c980c43b82014b8c484ba1a29c6f1c719ee3815c5e3a8750fb39c34dcb365ab67def51415c69db225b52a0a319acec5a8762b51e564540245ba44d9addbc78efa9e56c691b492a57b038e718e73f02ac956aad1c590fcb5cf0b3de322215a9033f949cedc1f9cf34e9adc20cdeabc296d431123961f3192e1dce174a383c700e375471d5c4b7a390e97b466a6e5a9ae9a763da5eb7193e5d0865db8c7f4a56da30394a870ada31c715a9d3d63b73569bd4c9c90d445a1c68079602f0071e9ee14578200abd16e30e365b5041070563be727e6a03afe1d9d3a9ed1618f199917698a2eb9ec588c8dd959ff001ab1e91f009aa23255bf4436fe8aeb41c89f6cbbc5626df2742b64d5783212890a6db0543016a0938e0e32aae84b269283658ca6c300389254b3dcabe4fd6ab2b9e9fb6428326e3757511a0b49d9bdc1b86d3fca07ba95f02bdf42ebad468b224b7118b9d9f1b584c978a5d869493942dc19cfd95d876aedcfcbf906f7db369f88596d45d136c43694f997ae5e0b011d964a0eee3dbdaa99d29a72eb76d78d6977dc2ca5b538e4c58e36b4de0b98f93ed5bbd7ba82f7abae8897b4311219df023364a908503ff309382a51c0e7e0002a79d22b95b7506b3d4972831a4352ddb7c75ca6d6004b6bde438941e4a8156083574ee23afeff004269b4886dca04fb67506d90603ea8ad36a71e82d948286ddda401f50402315a8bd479332f52a649088af25195ae324a7033f53daad1ea8e9c7e6c24dc2228b33e1ac3d1963b8524f033517d1b17f7d2e37894a67c179b0c1971bd9277ab701f424552ada9e5fa7f5212fa344c68db93370b77a3cc25d60ca752120a90d157a0e0f75148276d5bcec3b70d2cf2d4cb8dc611fd0b8cd14be158f47878f56e271dff005a91c5b33321e329794a827620a094a9090ac9c1f7e4f3f4accb7474c7bd3e1a1b425d2062aec12f3d69bf44e25e47d923fc289b7dcf4e3c2e3a622337ab7786872e4637ae4a4e4a49528642c1072055f5589684f876b8a838c86500fdf68acbaf4f1c709e26a89e2b4294a558485294a014a52805294a014a52805294a014a52805294a0151ed49a52cd7f9f027cf615e6603c8719750adaac25415b55f292476a90d2b8e53f671adfb295d60dac3f312785090f278ff003aaa83d6111b727ca43880a0a57635d1dafa396eed704770a702d3f65201ff007cd50fad23e2e8e1f900d1a4d699d6b644ee3a5214bb4b6c448ed4757881d5148c6f382393fed58d074bbf0243322395b4eb6b0e2168201411ef534b784b9153f205641612476acd97c6e6d34f45578557de8d3cbba5fbc077c947b722494e10e3a16a42559fcdb3b1ec309ce2abb7b4b6ad55ddcbc499289d725381d5cc4c9f0dd52c7015db03030062addf2c929afc31c01daac9f1f1cfa4496395e9151a34fea89b25f775029e92942128881727c4d9c9c8c9ed5829b05ced1384e113cdc72b1e3c6de528753f61c6e1ec6ae290c02857151b5c24f8aa247bd46bc74df4fa22f16df4ccb8102c774b6a1e86e88ea290571e48d8eb6727850ec7f424569d7a66644bda6eda7af0f5b66238538cf673e413ee08e082083524b2c146c5129adcb3193f150c7e2447a393865323f7891aceed6d54772f51629567c411e2a104823052140138fec6bc7a5768734bdf6e0b32db761dc2325bdaaca548752ac839ec73950c9352a718486d5c7b56034d73db8a92f16126bf53ab0ca2671ee488e12a5a815a493b1241c939ca7eddb9af7d3e871e9c9f771c5ffa9351880809a9df4ea3193a920343b1792a3f60726a78704e25d1288508bfda406db4b69ec9000afba52ae26294a500a52940294a500a52940294a500a52940294a500a52940294a5015ff53636d9ed3fecfc728fd50acffb2aa80d7cc944c4b83dc115d2fd458e1cb1a24e33e5de4957d95941ff00550ae7eea1c53e02958e50ba022166740dcdaab708da6a2e95169ddc938e6b770e5a169193cd01b0dbcd17dabcc3a0f635f2b782472680f2904250735a9da16a35952dddd902b193c0a0367694e12a15b46d3815a9b52f0140d6dd1b40c93407cca0131d46b5ad106b326ba0b4520d613433406c218e455a9d178a5dd426463d2c32a57ea78aab200cb957b74520966cf2672fbbce0427ec9193405874a52805294a014a52805294a014a52805294a014a52805294a014a52805294a0312e91113edd2613870979b53648f6c8233fa573af5063ba9b6be5d46d7504a1c4fc2924850fee2ba56a9eeb6da0b5e6df6d3fc398c9707d1c40c287ea369a039d9c5641af865d5b6723b57d48ac6f1149c8a036cd4c56dafc5c85abb1ad6b6be7bd7bf89b680cc49dc393cd119158e9564715f6167b5718336339b7b1acaf3240c66b5a85ed15fa9773deba0cc2eef3826bd9a50038ac14608cd65327b2680dcd990a71f4a5209248000aea2d2b6d169d3f0e07f3b6d82bff31e55fea4d51dd17b21ba6a569e71198f1078cbf8247e51fa9ae85a014a52805294a014a52805294a014a52805294a014a52805294a014a52805294a015a1d716737bd39222212152123c48f9e3d601c0cfb64129fd6b7d4a0387f5242720cf7d85214828591b5430473ee2b4aa73939ae9beb574c1cbe976f961466694e5f8ddbc6ff127e15f23deb99ee515f86fb8cbed2db710a295a169292920f2083d8d01f1bc57aa1cad629dc1af669e0a1df9a03629748ed5ea1d0a15ab0e289ef8af76ddf62680d807709e2be92a2115821dc702bd3c5a0360cbb5b1829f116903b9ad544429452909254a2000077abe7a3dd347da5b17cd42c16827d6c437118513eca5fc01fd3404f3a51a7d561d2ed890ded972b0ebc3dd23f9527ec2a614a500a52940294a500a52940294a500a52940294a500a52940294a500a52940294a500a529402a1faefa77a675836a5dca229a998004c8f84bbc760782143ee0d4c294072e6b0fc3e6a886b53da76541bc33ecd38bf2eeffae507f550aad6f3a275ad98abf6968cbfb212795b310bedff00e4d950aeeda501fcf67545924498f323a87043d19c41fec535e8d38974ed65125e57c35196a3fd826bfa0b4a0385acda5b56dd4ffed9a3b514af85aa02d947fe4eed1561e94e86ebbb93a95de7f6658237b85ba653ff00f8a308ff00f75d4d4a020da0fa65a6f49f86fb4d2ee1704f6972b05493fe1480128fd066a734a500a52940294a500a52940294a500a52940294a500a52940294a500a52940294a500a52940294a500a52940294a500a52940294a500a52940294a500a52940294a500a52940294a500a52940294a500a52940294a500a52940294a500a52940294a500a52940294a500a52940294a500a52940294a500a52940294a500a52940294a501ffd9, 13);
INSERT INTO `plant` (`plant_id`, `plant_name`, `plant_desc`, `plant_price`, `plant_image`, `category_id`) VALUES
                                                                                                              (15, 'Travis Kirby', 'Explicabo Omnis lab', 239, 0xffd8ffe000104a46494600010100000100010000ffdb0043000503040404030504040405050506070c08070707070f0b0b090c110f1212110f111113161c1713141a1511111821181a1d1d1f1f1f13172224221e241c1e1f1effdb0043010505050706070e08080e1e1411141e1e1e1e1e1e1e1e1e1e1e1e1e1e1e1e1e1e1e1e1e1e1e1e1e1e1e1e1e1e1e1e1e1e1e1e1e1e1e1e1e1e1e1e1e1e1e1e1e1effc0001108012c010e03012200021101031101ffc4001d000100020301010101000000000000000000050604070803020109ffc4004c10000104020102030503060b030b05000001000203040511061221071331223241517108146115233342728116345253629192a1b1b2c12482d1172543546573758385a2c284b3c3d2d3ffc4001a010100030101010000000000000000000000030405020106ffc400311100020201020306050305010000000000000102031104211231410513325161f0228191b1c11471f1233342a1d1e1ffda000c03010002110311003f00ecb44440111100444401111004444011110044440111100444401111004444011110044440111100444401111004444011110044440111100444401111004444011110044440111100444401111004444011110044440111100444401111004444011110044440111100444401111004444011110044440117909185e581c3a9a01237dc6fd17aaf13c80888bd0111100444401111004444011110044440111100444401111004444011110044440111100444407e6c6f4a91cdb98d2c53ae62d8e2fb62a38f6612d6bcfba0907e5b711eba55afb44734b1c461c1fdc726dc758b134c67b22b9b0fad5c464191b10f7cf598da01edb72d2fcd6cdce3142950c24163277ef817f20fbb23ecd97c7d41dd32b5c76e6bbe259f221656bf5338a75c161bebf23a53856d4a5bfbf2ea6c687c40c964aed9b983f25b1e77abee91be42c93f30c0de963bd06fd411b1dd6c4e17ca29cb559466b724d3c0d8abbdb2f79bcfefe607fcba4ebd7d172df3f922c5f25c5bae47f7bc5533f7ceaa13475a263ddd25cdf2f61a587e01ba2d56dbb9214f9d138acfc42be4cc61d01af2bd92c9eae0d9763a1da73412ef6babbac2aadd451356a79ce79f2e6ff9e5b13cbb4a175589c1249a595b7a6777e9e6f3d0eacaf3453c4258641230fa39a760af6544f0ef90d338314adb853fb930b5a279c3888da75a2eedd45bd86d5e18439a1c37a3f31a5f55a6be37d6a51209249edc8fb444560e4222200888802222008888022220088880222200888802222008888022220088880222c1ccbed458ab5251117de990b9d179a74cea03b6cfc02f1bc038eb9ee61fcb7c5ecbb33992921b189cb8c663c548dfe4cd5fade5e243d8f537a081af57172c3c9672cdff001acd613dda58f11371c3230c8e9c9123830b47eac0347bfa3ff154bc664dd2d98791c797a59792fe466b52c5948fa2c46e1a749348d61e8737a9fa1d1e8d6f66acbe3f9ccb45cbb246a4ff0077a39b91915abb5626c515a8849b7084fc8347abf6f23b10d58d643e394d7914e52e1be527b61735efd4f5f1226a74f97e3219a5af771d543a38eac85c64919e6e87965ad24bc81d8ad95e225f86f67a1c850b98fabe6b803231e5bd63a06983b16f53006f577f55a8fc439ebc1cb31ef12c70d234c46678e76c4e8585e47537a8fcbd47cbb2d83ca59263a4b58db4fa5d15a389c45263a48f5e580cd800794e68d6b7dc8768acfb2a4e1078f7ed95d26e99351e78dfeafdff00ae783667162ffbe63ce5d98f96e0c85795d6a290c7e63410e63be4d7005ff83f4ba202e35e319413709cac16aab5d65a5ac83ad866fbd560cd8eb8b63aba1ff23b7007d74bac38647e5f13c4b05e37ff00d8e226d1f59f6d07aff7ad2ecbe28ca717e86855671c13cf45ff003f04d2222d82408888022220088880222200888802222008888022220088880222200888802c3c8dda98fa8fb77ac455e066baa491dd2d6fd4a64eed5c663ace42e4a21ab56274d2c87d18c68d93fd4173d3395725e6fcba18ad5ea5529b3ccb0cc54208b505720744d33f65ad3f01f1703e8155d56a3b98e52cb3ce28af11b0f9df2bb02fc2cc35a8cd78642d7ccc7f534c8743bf4f7000711fb442fbc9f2bb3778bdcb589b11c56a6af2c50bed31dd0d7e802ee8f53d3a3fb47b05a5387e56e6720e5163f2353c63e56bfee92c72be394359b61018ef6039a74e2ed0d8702b0b8072a83238233d9396fbf61cc42ddc6c2c961b0dea3ea493d0477f8688f4d2f9c7a9d546d9cf8be5e44b1ed2d3ca30ae50c73dfcfebd4d6fca38e5dc6c3520a1153cdcd6092d3274744514318dcb23763ca639bd25c4e86d8a2b85e67ccaf93e3d8a9b1cfc7deb5132f596560c61947539a628cf70ceda2eecf72ddfe2071da794a12430d4ab5c4d2b647cb04e5874c6ec4b3ff206b446c3876200dad4bc3669e5cadce314595b252e49f1ff00ced130bdec00bba1adb05a3a43fb83db415ca6ee2aa59e9eff0085f738d556b827383c657e3963d59059cac24e4d0362744dbd155862a6f919fecb09713b7ba43d8386fd9df604efe014fe7e94b8ac9e4a85b6182f42cd8156432b19b68ea8df20ecff00e50d771b2bcf2dc03337f97f46362a72472363ae5d34fe5be81034f0e1a22377f48fc15fec7865059a7e5be17d1c94131aefb104dd6d2deb737acebdf03d93d5f23a2b9b755556a1c6ca35e8ecb74ca35c1e70bedf7dcaf71abb4eaf87de6e6a3c953be277d33606bbd56ea40f0d03a874bce891b241efd9765f871465c7708c3569e512cc29c66470f77a8b4121bf268f401736e778940fc1d766359606518608ebc930f398dee5a246b4761d5197756f7a5d43c661157034aa36c0b220819179cd00093400246977d91a9ab5164a70f7efef93425a5b74a95762c612fc92a888be80e02222008888022220088880222200888802222008888022220088880222203427daf33afa384c161eae7ace2ed59b325b02ab4bdf30819d9ae601a31f5bd84871016b3f0f6c61f8c5be58716e37e16d533da70848736731f5491b18eee581c74d2e2559bed775fcde7dc74b9f500348b0f9f3b19a7f9bec3dadf7dce6f7700016ec775a2b3193878fe6b3d8bc3cf36671cf6ba28e73b63ed34800bddd3ddbdf7d9666aeb7396c666ba6e1c2f1d57cb665dbc23cc5e9f8edac5df36e0c5f9e6e55840db43d8034b1c48fc7a8c7d87c82c9c3e4a0e25ce32388b74dd3e22e074969b5c88dec0d0e735df881f16fc42a5f17cf5e1c62cf189ec9661a5b4db5d6caee31bee8612d04fa8676e9237b3aea5e99acaf9d9cc65b9e020f408ee31927492df49347bfc37af99546ca9bb1f52adf7384a187bac73fa63f63775a3e78c54d0e4863adbab3db56d33b8b0ee8eb6d778f57971074dfd6f877d2d7f258aae7db149fe77267864cfad3ba6b068b744ca6180eb41edd931b9c64002fce44fc358185c1e27290458e39011e2ace46c4903a21d7ec17748f6dcd3dbd41074b332f97b94cf9d9ab9c8ebe5d93b9dd356d0631ef6f67994e88161ed036c1bd6b60355650708bcee6d68f3646716b6fdf6e5d3dee6671e861ad62fe6688ca417208182d48cb66b30860d7984586e9eeefad105ce612d5f16b9bc75f8f3f2f8dbf85cc58f2442fa38e825f21f70f6036fec1806c92c3eaa8799b1f97f991afcdb935fc57dc207fdcfef55ccaf8e131124005dd7239fd43da7804123454adfc94fc76ef0ea188a30e660f37ef913ded6bc3b4d034e630753b7e9dfb2ea5a3849273596d67d0eacd4db4b50ade179fede88d913e7e7c6f3cc67143f70c4c57b1f13abb2d3faa5365cddf4f99d9ba27d9de82dabe1a73dad6a93e9e7637e2ecc56dd55be73d8e61903fa3a039bdb7bfee705ccfe23e56c45c930fc93310c525682d34bebc50ed8f680d779407bc0069d68ad895196b0562f64b87672acedad3c76236d98f713f6017425bf3e93a277b07d173a48474b35382c74f42ad7da175cdf7926f0faffad8ea3455ce01c8ff00853c75993351f4e6123a19e171df448d3a3a3f10ac6be9e13538a947932da790888bb0111100444401111004444011110044440111100444401111004444072dfdae68631be2160eecc21af2ddc61a962e3e40d7c71365d8f2fd5c5fedc9d8020fc573372996852e55938f132dcbf4193915dffa195edf9b8306dbf40bac3ed914eaf9fc46f3ab99a47cb6a9387a0f2a4635cf2e71ec18031722f398e853e59926e1e6b93e33cc069cb63d895f1687493af4ff00155a51cd850d645349bf32eb81cbe663e1177053d49e2c5dbbd1cd79ec8b6d1308f7175b8ecf48d0eb2e7027e1e9de02d89a7796d763607b74c03cedb01f983f2523c6f2f918b8564b8fc4cb0fa566dc325e92b82e85af0c718fa8f71d21c06c976dc5415b9ad4a5be50324feeb5ad3ea7d340aafc3f13333b4312947f6fc97ae615f0d363d95b8f5a9ec55bae609d97488a68ad90dedb2dd37dbf69846bd482543d9cab24cdcd0bf2509e4f2964562b973feede6336d92d3ba9bd21fdba8efb07071f45f7ccf1d4a3e47352e1f3e56fc171de5d70f7c42c7586343d8e075e8e6ff702aa315ca561ee175d9430db264bd24618d88b07e906c3f601201d1f89f451c2a5246ee973172dbfe7c893e3b6f0f5a6ccff000a294796608bd896bd821f2583202d779847e71849eb701d8e9aac9c76e72abfcdb0b6b8fc37a7ca46f0216c35c324818093b6b08ee7a7f12d1f2255431795a98dc0dba7361a8df75b81adc7bc9711463ebd991877d9ee235f0f4274a4bc35c4723c972cab1f157eb271412599e7179b14ec631a49e83d5a0d1f8772a594376caf626ed5e88b7736cb3198c8a273e7925192758b4d9438ba598805ed27e07ab63e40ab8723cc50c655b9630f91bb37dea907c9288591882776c889c3f54b09203bbf71adad2f90c8b5b3d292b798e73651288c92e63ddb1e80ff0028ff0056d5f397dbc162401c5f2535a91ef71af6adb37d2f90074909d0e9243cf62468fa854274631b1955b9625258fcfc8eb3f0232d94c971595b97ac63b70bd9e74a63e8f35ee8dae79d7cf6b63ad69e035fe436f8ddaabc96290dfa52c704f625d75cd28859d7b5b2d6c69562a47d0c7920888a73d08888022220088880222200888802222008888022220088880222203437db4a2df879837b6bf9eefcbd0b4c7d5d1d6d314a4827e5b682571bf3f38a8f93cc70b2dc931e191863a721d21781f9cd76d7497efa763d176a7db26c4b0784044323e133652b30c823ebd0ee7dcf8ef5d3fbd718f2db472b9eaf72b71d68ab56ac55a68ea12c7d8e8ffa527bea476fd5a34a193c4b256be1c48b8e02a72a7f06b4cc3636ddde3f7ac403206aedcc7399d47a5c3b17163803bf577c000b36cf00c8d7c9616e79b3c0d9a4aedb51eb6fac1cd25ce6ff0047b6bba9be1d72bf1ae1cdcdc6332dc54d6a07bdb2cad8ac41600706f539c0191adee3601710ae52723829d8b57a5c44d670942d5383f2944f3108d93f724b2503b8edf810eecbe6357aad5f1bee52c6fcfdf4346becfd149716aa5be16c69df10f8cd0af78c583bb3cd49f6e492096cb419a47c43b0ec400f7e9c0003f556b4a57e312be618b8ed4465264fbd3dcf133fbebcd6300eae9ded756725c6e16f61f210494ec62fee8ff24c5157fcdc4e04bfa83b64b98f0eeeef8f7ec5737672949439174e2f2d566b4c674c02a4659f766907b31cf1d20689d91dced69f676a7bd8b525b9c3a2bad7f4de51eb8db7c8eaf87d9815a161c0e4acc10e42d4759861eb8cb9d182f68d82eee7b7c802b37c3bc6d37d0cddd8b378fc7fe4fc7be674af7b80c8cbb68100ec0ec6cf61b07d4a81968c9170465ead988995e4b8229f192cee6c9d663244da3d8c61ba66cf7d92a538b55c2cbc73239397236d99681f0b317561675d59d81c4cc3a9c0101a3bf6f52afc96cf050b766dbf23e41073f5db1ca0b627f5888fab59ef3b5becdd377ed6f435b567e5b161ef67db88e1514828e424651c73322fdb893ae905fbd31e1cf246fe0f076ab5c26fba8736ad7d94997a0ab202ea32c7e632d37f9a73403b69f8fc805238d741c8b9b450d4b35b0d05f99d6bd41898f88193cb1f112023a077d771f050d8b0ca55569c125d59dd7e0756ca57e0c0e666325c7db97ccea3b735cc3e538177eb7b51bbbfc95f956bc35c658c4706c3d1b4f91d619583e6ebf50f79eb2dfdc490acaaed4b86091ae11114802222008888022220088880222200888802222008888022f2b0f31c0f7b7d5ad24289396b1d3d9916fe857129a8f33a8c1cb91368a9782e4792b92d964fe47e6cf6e967c3647cd494f97b8d00b7cbfeca8a3a98496512bd3cd3c33587db458e7f83ac89b146fde560d9924e8633b3cf538ae31c9656cd8e4552e646c3e0b305486bd0362807399035ba89c06f47e3a2415de1e23f15c2788d8caf8ce55159b34e09bcf64105830b4c9a2038e81ea2013a54877d9e3c2e7d91666a79e9a7e90ceb7e62527417329c6446e899cbeecd51c672b376f9672ab0d8c30bef0921ac672341ad05dd4e630fb47dd0485355bee32d6e5372e66a1335a92ac31c3b719e73e8e730125ba61f5fc0e82bd78d3c4703e17cd4ea70dc4ca20ccd29ead9172d3ec8113886b9b1f57e8c91fac3baf5f05bc3be09ca28d5399c35bfbe75184c9065658c000ec69aaa3a54de3dff00e1ecf45649713c7f3f72bfc6f99f2babc1d99a39789f161f58916677b6592220170648c70d98cb0bb4f2aade2b7f08de4cb97de2ec3dc0c556888db174068f69ae6bbd877bbdb4e0477d85d23c8bc0af0cb0b8cb794af432a67ee4ef2f2ae29cecae8e5b107975248984c4df60b806824003657b0d27059c485554e30cbfb8cbcb4061a8d39ea5c8b32267cb62c07b5b1be2706f437a46f4e1ad9713e8429ea57e083848a93e0f56ec5b6cd5b2af2f3d11c2de97451f60dee5db3a5fb87a10e4ead3ab744ce8eb3488591cc59e5f51dbb5af893dcad8983e2181cbd6a58dbecc8cd52b3de60805f786425e76f2d1f02481b5259a8843691247b3adb93716b7f7e46bff000daee7a966729c8f8e685ac4d3925b0f1d3b8ebc9f9b91fed7af670000efb214978475b039bf11a86239259bb529cd3c50442a7b92ba691b10047bd1ed8f2363d0adeb86f03bc349602c38dcc00ff5032cf0aede1e7863c1f8466d99cc062ec0c8c47d89ee5b74e59b6969037f83947fa9ae597b9c47b36caf09e3637ad6863ad5a38216f445134318df9003402f65501c8af7f261fecafdc7f22bd35eb10bd9074471b08201deceff0015663ada9bc2247a5b3192dc8a11b95b075b8d8a6c770ac426a7c8825071e611117672111100444401111004444011110044440111101e36fbd597f60aad9f87d42b34e37048df9b4aac83ee8fc42af77227a0aef1707eff006fe5d27fcea6ec6fb285e2f218f336a076887b5e77f4729bb3f0eff054a8c3acbd67f70f88d7dfc57cc7ebe8bedbeaa5891b3467db060adfc16e397e63a922c9ba1fab1d192e0a13eccf7a31c985089c3c871f37f60fa00b1fc789325e2373cccf12c7ce2bb38bd19acd487d45db0c687cbb3f03d3d9aa2fc31c3e430dc6a965a1c9363b57a06db6cacee636fab02ee297889a2f31e13a33c609ec33c2ee492c11f5cd1527bd8cf892015fcf3fcd4987ab1bd84bcd867b5e87d3b85fd03e41938f3bc5f1d45fe6413e6aa4734ae8fb7940faff00595c43e3871b1c57c569f8e548840c87a27686efa7db1b2e0a76576b113d38612fbc43be45c02db5e1d303f2d1c2feed0f0b50f1a70832910677f30f4adadc4a534f374c7c1f306972c8d51aba5f09bd30408bef03dd2c53d5f7a7827e8ab58f9e582e447b16bcf4bbb2b079af12750ecdf92ab092c1cd89e4ca67ba415f986fe359123d43e16ffec5e5e6383fb7a28ae152cf2737e4cf9a77b98f7d76361dfb1186c21c081f3ee7654907f1221927c2cbb81dfb2b445fa36fd02abb55aa3f707d16ce9f9332afe87ea222b440111100444401111004444011110044440111101f846da42aabfb7ee2ad6aaf7408e79584feb1505fc89a9e65631ee6d6e4f236407da95d134fc89f9a9fb009515153964cfbec4a079225f31877dcf6ec14cbd9d6c2d54694d45a7e65e9c96533c63d6d7b321739c40f80f52bf22aef1b3b0bde26ccc88fcf7e8a58a23933977c5e16fc39f1caf724aba9e1cbd396cb21f4e99248cc4f07f00ef6940782f62fe6319fc1aeb89eda2cfd211a7b6badd1f68ef0fb2fcce8e2efe0ebc762fd2eb8a680c818e7c4e3b05a4f62415a97c39e33cc787f23b16b23c3b90455a680d794c55fafa86fe636bd4f0c9e0f296e6e7e476f193bb139265b8ab3698653b0d76fd8fe6f407a83a21737fdab5e6df8c543290444416288644ffe5b23ecb7552c04d6b8ae41f2d7b31dd96c45240c9d8f8c86309ec7b7c7a9699fb45e59f659c6f1b4b1b3bd98a160d831d67fbd26bb03af800a5cf4389c570ec51b8dfe7aff00545bdd721cf07b7d16d4c548d93c9bd08eb631e1ddbe60f71f55ad38df9715791f23bcb7480683fd93a57ee172b4517d52f05cf79734acdd4ee6869534b737d63a782dd2ad7e03e6472303daac31cd0be269eaf50a99c4a5ad5b0d5e9977e8c2b3412d6745a0ff00dca8a783db23b920c963e87ebd5bf3f8ac5e2740d0cfe4b2734ecf2f296628e0668efa9b106e9df89d764639a48e96c8ff009f4b095278b884cd84cac92115ed8986c777f48edfb892a4a9e648867b459608c7703f1569558a6e63ec46d0ededc159d6ee9b9331eee682222b2401111004444011110044440111100444401111005019f83cbb2276fa49d8fd429f5159f6874516fe654762cc492b789107b0bd5876d513c9259a9501356203bac0f6bb8d290a5d4ea913ddaea73012b393ccb84bcd7c2a4656cafc25cb184ef0f23417a0989ec581768e707c4a5eb183af876abc8e07fa2aa7e36731bfc3b83499bc6c55dd38b5140df3d9d6df6b6b4971ef1af9e66338c8064a95785df08a9b19fde76bcc649631cae874e1767dc36e9a4d2f1ddedea5713f828de3f93c8dbe32fc8cf919e67689db8803fa805c87e377899cdd9c9ece3aaf29ca56822fd4866e85df74dec79c4a29b7d0ecf6d512fbf4a193f17d76bbfc42ca8ab860d369c2cfa5768ff45c3f82e4dc96df419f91661e4ebd6ec9ff0015b2b8759cacd698d7e5b20e07bf7b2f3feaa9d93eef996a1a7ef167274e861008f280ff00702f920fc40fea5aeb155a7310ddcb1dc7f3ceff008a968eac9ff589fea652a1fd467944e1e9f1fe45acbbe6f5f3b0aa1967dcad4649a2bd28735ccd751d8eef015d23822692037b6fe2a4a6ce37c88ec877696e48e06b35f299c8eccf4faa9d58385d0a5a1f07159cb6698a505832ec6dc98444529c044440111100444401111004444011110044440146677f4717d4a935199df722fa95c4fc2770f1229bccf5f9286ff9e6a94a1fc4a1fd80a2799f6c5b7fef9aa5a8f7a90fec3566c1ff00525f2345ff006d1e47df3f55e8179febb97a31768e4d4bf6af2078487ff1383ff9ae67f0fe27bf90c0f60edd0e3dbeaba6fed511f9be15967fda55cff99737f0c8fcacfc1a2e1b6e9769e1325ae1c4d33af78879bff27618e6485fe4386bb2e20f1c1a473ebce731cd2f00fb4bb67c3f0f978438486523a5c171a78f94fc9e713fec853ae68866be1923db8b0d08be7a0b70f04ed7a3f92d45c5d8751fd02db3c2ddab6c58faae66b69d7c06e2c411e537b952c08d283c53cf92d52ac71d2ac9ec4735b98dc8dbd584b2df9f47f9daaf1eae71fc4aa0f2294b30f65debae8ff3857e3db6ac691eecada9f0c7e7f826b09fc51c3fa6a4146e07f8b3ff0069492ddabc08c8b3c4c222290e0222200888802222008888022220088880222200a2b909023889f9952aa23918dc509d760e217167859dd7e2453f9647258c606423bf9a0a95a5da942083b0c682bcedb3aa2d2c8aff00a21f459d18e26d97dbf85231fa1de63b4d2b2228dc47babec762bd58e522472d9a97ed3e591786a44bf1c857e9ff00dcb9d38db8c3c82bc9d235f32576d666082e5092ad9af0d8824ecf8e6607b5dfb8ad796fc1fe197ecfde60a12e3a6ea07756621bfd93b5e37878c13d534a3bec67f8657209f8bcd1f4bba99b1b24ae4cfb45d523993e5e80090bb438f70e830448a97257c4e1ddb30d95a9bc71f06eff0029b66cd0c9d285fd5d5a998f52b9f0a4d91ed2ca4cd0bc658751bbe8b68f0fd0b4cfa2623c1be4b5fd6ce31ff499dff0572e39e1de729ccd74aea447cdb393fe8b2ef7c4f634e994611dd965c53bf34d52a1dd97d50e39762600f9201fbca908f0ae1fa4b1fd96aaeab9f911cac867995be40e77e48b019d5d67a00e8f5f7c7a2d84640a17f25c2c1ecb76491ddca503558a22e0d95ee9a9245878f1dd693f6d49a8be38dd5379f9bd4a2dcabc08c8b3c4c222290e0222200888802222008888022220088880222200b172307de2a3d83de1ddbf55948bc6b27a9e1e4a83dbb1a5fb17b234a4f3942d3dae9f1f1432cdea6295e581ff004768e8fee503d59b603e6f19c87fe54d03c7ff00701fee59f65728bd917eb9466b999a0afa05608b36c7bf86cac67e46b757f9494375edf5c7e4c7fe9f31ff000628f32f27f43be1f53324f69ba5ed49b137de20286932e183bd2c90fae36cff00fcd797e5cae3de86eb7eb4271ffc1158d3ce0f7ba6d16b94c063ecf6a8ab8192b4c64f750cecf53f8fde07ff004937ff00a2f17f21a23f56d9fa50b07ffc6ba95f9e821434658a618e3a1b595044a24721a9f08322efd8c65a77f846bd62cdb1fee63738ff00a61ad7fac6abefe4fe84ae2c99634009a51632b61fda1c067dff00fa7399fe72d59109cecec059c67211efe334d033fc242575c327fe2c8f09736bea8c8202fc0ff805e9061f3d36bcd650a6c3f391d3387ee01a3fbd4b63705157707d9b0fb0f1df5ae860ff00747fa92a5af4f649eeb0713bab8ae792431717934a3691a24751fdeb2d1169a5858339bcbc84445e9e0444401111004444011110044440111100444401111004444011110044440111100444401111004444011110044440111100444401111004444011110044440111100444401111004444011110044440111100444401111004444011110044440111100444401111004444011110044440111100444401111004444011110044440111100444401111004444011110044440111101ffd9, 14),
                                                                                                              (20, 'Scarlett Holloway', 'Omnis exercitation n', 516, 0xffd8ffe000104a46494600010100000100010000ffdb0043000503040404030504040405050506070c08070707070f0b0b090c110f1212110f111113161c1713141a1511111821181a1d1d1f1f1f13172224221e241c1e1f1effdb0043010505050706070e08080e1e1411141e1e1e1e1e1e1e1e1e1e1e1e1e1e1e1e1e1e1e1e1e1e1e1e1e1e1e1e1e1e1e1e1e1e1e1e1e1e1e1e1e1e1e1e1e1e1e1e1e1effc0001108012c010e03012200021101031101ffc4001d000100020301010101000000000000000000050604070803020109ffc40046100001030302030505050505050900000001000203040511122106314107132251610832718191141523a1d14282a2b1d216337292c117245262635594b2b3c2d3e1f0f1ffc4001a010100030101010000000000000000000000010304020506ffc400301101000202000404040407010000000000000102031104122131051341512271c1f0328191e114234262a1d1f1b1ffda000c03010002110311003f00ecb4444044440444404444044440444404444044440444404444044440444404444044440444404444044440444404444044440444404444044440444404444044440444404444044440444404444044440444404444044440444404444044440444404444045f2486824e000324951b70b88a7dd8dd4de61c1b9cf3ced9181cbc5bf35cdef148dc894455aa9b9d616b18d9dac91e016f74d0700f539d591f30a2b89f89eed66b59ad8e286a9b4e09780e00cbcf18ff00847aaa2789ac46f5289b442f48a87c2dda3d05d6869e4aea0aab7cd310341c4806d9cea69231f5576a6a88aa62ef2091b234f51fc8faab6996b7fc3244edec888ac4888880888808888088880888808888088880888808888088880888808888088a2f89aef4b62b1d55d2b258e38e08dce05ee0d0e760e1a33d4a8b5a2b1b915be38e30a0b5cb3d0ca5e7ba2d1268192d7f85ed077d9b82dcec756ac742a8553c68e965d2e7c25ae702e01ee73651d7723c2ef895edc615d6ae35c56592eb4ed900c1f1e1ee1d35348e9e5d1526a63afa723bc92295a1da74b18d025f2d80c8017839b88b5efb8b7c3e9ff555edd56cabe2331cb135b1b25858ec89813ab73903d31d557f89ab2a2aaa2a69dad639923f2753b3973b7ce0f40162baa88639b246d69c697300dc7f84f558d779a32f6be0735c64881793e10d1e4b8b67dd6556d8d53f7b54490c74356c99b1fba1af0d6b9dd7e006392f6b4f6ab55d9b5d00b8cff7d4758ecd4431c997b4f9b7a6ca16e1719fbb74715406f8319661ae737d7a80a8770b41a8a974b031be2397bdd9c7c1a5db9556a66f192bdfdfe91f522f31d9dd5c1dc496ae2cb0535eecd5226a59dbb676730f56b874214dae50f67fe326f05712d270cd56d47779836473e4da1790749c74c9201caeaf5eef099fcea6e7bc7768adb9a3622a8f137169a2b8c167b2d236e5739de633e3c4501dc7888dc9079b46e064923adae30e0c687905d819206013f05a2b78b4cc47a3a7da222e811110111101111011110111101111011110111101111011179c9232300c8f0d04800938dc9c01f341e8b9afb7be33a4bddd0da22b5546ab4cd3452fdaa222371d406a03f74169f22ba1af2eaa8ed158fa2921654b607985d37b81e1a74977a67195fcf6e24e2fbbc9c55575b71af2eab9247194e5d8ce7cb910bcef10b5b96295f57179d2d8cbb5542e1253d2c3038727349207cb390a4e9b882aa4666a247870180f0fdf1e8ee5f554365f9d563bd7e97671e21fd4dff55994d5ee27535e5bea76fcc6df50be7b2eeb3f7ff19e57375d9e32d8df9f43b6af9723f22b1a7b9cef89cd90f74d63c7809f10dbc8f4f8aaefdabc3a64d4c69fda6e0b7f43f915fb1c9a4c85a4c8e18c49be9c7cfafd54e3b6fe1972cbacae713e2cb4139000c93eb83cfe254555564f2077732b5ae6823bc272e6fa03fb2bc6ae72e2e0c6ba4773248d89f87ea54256cf8d4259c3037f7b4fc86c15b4dc4a21e1577b0c9fecf19965901ce5a7707fc5fa2ebfeca7b40a8acec2229eaeb5f25d60ef2844bac6b0437535ff0026b8007a901724d055dbebaa21b65bccb5b5b3bdb1c3177400738f9e91923e6b79705f0e52f0e5ac5be89ae74b2e24ad93f6a578193f068fd90b44f13383ad635d35afbf668c7b6e7ec72d2d9a49f88676600261a669e4d3c9ce03a7468f8396cf51bc3b6e6da6c7496e6e9fc08c0711c8b8eee3f37125492f7787c7e5e38afded70888af0444404444044440444404444044440444404444044440519c4568a3bed96aad35acd50543349239b48396b87a82010a4d144c6fb8e58e22a9e25e1337be0afbd6b2920958581f112743490e6cb18e990064038c12d70279735dc6d9748ae72d356c934f230f3d034bdbd1dbf9aee3f685e1b6575960e2081b8a8a322299c3ac4e274fd1c76ff0012e66e37a0757dbc5440d6b6a69f72fe5aa2dcb9a7e1ef05e2715338efcbbf933db759d2adc31c350cb87fda8d3ca4727bb49cacea9b4d6d23bc41937a82357c8821552ba46d2074ad96373b19c8664fd57a5a2fef7b4b45530eadb0fe9f2ce560bd2f7eae2276b131ef8891e289f8dc38601f2df91f985ebdebcb6573c08807e346a018d763a60ee561c154656e4bcb4104e5af2e6803724e4600f53b05874570b7dc22a8a8a5a8739b1bfc6e30b9980793873d8ee321515c368b6e23a274f7ad94c8d39739e3a06370d0557ebe9ea1e1cdc35ad779b81fd548564f1e1c1f3c1247d0090ffa90b160e29828c96c503642d18033ef7cf75a2b5bcceeb0e7491ec3a0aa7769d1361a7c36968e792694124b4101ad20f425c405d5bd9edb8dc389a843dbe1ef5b23ba81a7c47e474e3f796b0ec8dd4d74e0aa5be48c0daea89e4696b5a34b636bb4b5a481d704adf3d8ed2815f53369ce8a71877a39d803e3988aaf1de788e3ab498edf4ebfb3552ba86cf445f84868249c01b9257d73a7ea28e9ef16d8725d5719c375787c591e84289838cadb50f8fecf4d59344f04895ad6e8001c124972aed9695ef22ce8b06d571a6b9452c94ce2e6c72776ec8eba43bf9382ce5dc4c4c6e011114822220222202222022220222202222022220222208ee20b7b6eb63acb738b41a885cc6b8f26bb1e13f2382b90ef56feeaaaa686789cd6e1cc9233b10d2371f1dc05d9ab9d3b73b336dbc57254c4cf0567e2fd724fccbbbc2bcaf15c7bc7178f4fbffd55923d5c91da2dbdf66befdd4e9daf8dd1b658dda893a5d9c023cc722a22dd152d3832492608dc1ebf4e43e6b60f6d9461f05b6ee227482373a9a4706e300f89a49e809c80b56bdee276c3473006c165e1e63262898955ad371fb3f5aa2e34ed46db63b835d53698dafabaf88674ba289a5c1aef3697e869f3d4b3f89e2a7a1ec1a8eff044c6d4c7c4aea2d4d18cb1f4bacb4fa12d563f612a38bef3e33bac92ce2a69ed6d898cd398dcd712e2ecf9831b70a38c53d7fb24f108a7b44d7270e2384eb8dba8d186c2c73a63e4319613ff005168f263e18f7e6fa2dac7c12d295171925c87697e4675634b8fc71cfe8a2df4551df46ca5a774ce99cd646073739c700647992b1dc0e30e3cb929fecedf50ee3bb041034ca5d7187f0f7f161d9c15c4ff002eb368f4551ddd39c0363fecd70b505a438cf2d2c41b54e239c84973b6e8dc9c021745f6756f650f0ec72e9c4b5275bf3d40d9b8f4206af8b8ad1d412b6b2ef4b151c8e33d5d4b59117346e5ced3938e601233e8b27b62ed7beeb899c21c22caa860a763629ae024c39cc68c0111e6479bd78be057f8b271393e5f399eb2d5698ac373f1ff00195af83acefacad958f9ce0434c1e03e4715a06b7b70beddabdb142ca786232ef1c9138b74e76c8f4f504e56adbf4b517795ae9ee7555d29c3d8667971dfcb254f70bd8dd1cae7d572d5a9dde1ce918caf633f176bcf49d4289c9d7a36958af7f6eeee5bbd4caf2cccd34ad790003c9bab9eac2b7709d2d77155606cf1bdb658f69724b4c8de6d6ea6e37e59c6fa799dc675970ef7f76e2db470f5b690cb1cf50d75534634d3c03773893905d8ce90765d396fa3a7a0a48a9696311431374b5a3fd7cc9e649dc956f091e7cf37f4c7f9fd9d53e2eaf4a3a5a7a2a665352411c10c630c8e3680d03d005ee88bd788d2d111101111011110111101111011110111101111016a0ede388a3b15cadee64d24155dc921d81a256971cb4e46081a7f882dbeb417b56d7401d69b74b54ecbdaf90c6d8b263df0d76af2760823cda163e3e758267efbb9b76487027684faf698e4b8490b9c0868c825ae1cda1aecb7e00616376b35a6f36b81ada8352f847785ee63439a399696b5a3071bf35a3ecf3cb43382246cb13b76be3db975215f282e51cb4cfaba991ae6c4d324ae2ec39cdc7bc7d3ccaf1ed9f9f14d27d5445e7b4a9dc496dfbd3876e56f0d6e2a699ec66a1901f8cb4fa9c80b9be821aaab9e3a6862926a891ed8db135a4b9cf274868037249db0ba8eb4c6c918f8266cb1b9ad929e41bb5cc3bb5cdf88554e0ee19a7e12bfbb8b2925abaabcbe77cf44d14ed105317389f1649d4ef5db0b1f01c4570c5eb7263ddd27d85f0757701f603f75dda869e92ec69aa6a2b1b1e09d4ed45a1ee1cdc19a42aefb0ee993b33bd31db83787ff00e4c4a5ec5dacd3dcf84ee747c4e60a1ae348f6c4e8f244e5cd70c607239ebc969dec8b8eaf9d9a7075658692828e6acabae7557da1f21731ad2c6343434632ef09df2bdec5c4e2c9c992bdbafcd744c6a34d3ddb0f64dc5fd9c56eabed00fbb67a87c749590c8d7452e3e072d25bb80e0179fb3e083fda950f7d3186614d3fd99e39f79a7a7ae9d585bab8ff008eaf9c7d626d8b88a2a0aaa4352c91918a70dc48096b4e798c6a20fa12a07876c16ab65c456dbed5474d5519223a88d9e2033d3cb3e9bac9c6e4c7e5da959ef12e2b5f8a261fbc4f7c9e4e3965ae86acc4da163a47bc1f75c5b80d1f173805549e96aeaa5d2cab99e038b981ee24923de6ab2dcf87209ab66a9a2c475752e7cd52dc1d32bb9ec49f0e06af45834151421b154ba50f702d391cdde47e2bcac3cb8b1c56be9f728c93333d593c3f6c70636595ae7066ecff000bba7d54edc6f51d153692701b8181b927a0f8aacddf8929286173b53626e703272064f403995ba3d9838168af94438eef7492d4689c8b5b6a1b8690de7306fc761ead2acc387271178a476555acda750da3d8a70e52da383e8ee2ea2960b8dc616cf52671895ba8021a7a8e9b2d8088beab162ae2ac56ad711a1111589111101111011110111101111011110111101111016a5f691a4a77f0d5255d55c594913253186ba2cea739a5c0077424b46c79adb4abfc7f67abbff085c6d1432d2c551531698df530f791641070e6820e0e3191b8e6a8e27179b8ad4f744c6e1c5b5148e8a532c157dec67983b63f459d41532089f048d2e8648dd13dbab04b5cd2d701d39154d90dcad9c415f6eaf2da6aba5a87c13b63799181ed716bb049dc6429ca7ac31069324330232431e350f885f1f6e7c5663d6a53bc23f6883871f659250faab1c8d8daf7efded2499744f3f03a9a479ac737fb9d25b5b6ea7a785d2c32491cb29190e60712dd2073c83b972c582e61b2fde36d91b0d44d03a9277491e43e30e0e0083b65aedc11b8cac701f2bcba4861d44eef8d9825595989bcdfdd6c46e21e6e74950fef5d9d7c89fd0f4595053977bd900f5c6c8c001df7c79b0acca573757e1bb71b9d2ec9fa157ff111eaea2acfb6518cbe47303844c2e041db3c86ff003597006b001180e0d1c80d979c0e6b6d7de6584cf3863763bb5a0b8edf1217d095c496fcbd7e8166e233566ab6234f66b8b1e5c73bf3c8ce47fa90a83c7f6ea7b7cedb9dbd94f4d47396c6f8db96e994e4e5a0ede2f21cb0af47561babaed83fa284e2860adb0dd689ef6c224a57e6530093416efeef339c6c4788672161c39662f1b45ebcd1a43f61dc0d4bc7bda95ba82b6a22a9a4a661adab8c38ef131cd1a4fc4b805ded4b041494d1d35342c86089a191c6c680d6340c0000d800173ffb27762f5dc104f18f113cc379ada4ee9942d3b5346e2d71d7e6f3a57442fb7e0f07954ebdd18ebcb02222d8ec44440444404444044440444404444044440444404444044441c97ed75d99d87876dd07195960aba775657777590464ba22e707383f7dda490b9a25af7423546c3a4799dd7f43bb77e133c69d97ddecf1cbdcd4b582a69de4640923f10fa8c85fceed5182e6cee2e3b8dba95e3719862b937ae92cf92bd5b1ad72d453f0ed1191ee91ce8448f66805a0bb2ed9dfb5b10b228e69e5c0fb3e1e770d6b0838fe49493d3d2da29a3a72d731b131ad9b0083b721abddc72e44af48eac491902a6499c3de7021b1b7d33d7e40af06d313bb6b4b6b5e8f50266e0b98f68e79c3bf55efde38c05c1ba9c480c69dc6a71c01d1cd3ebc963c625908d271919cbdcd8db8ea7704fe4bd2df24f5178b6c704524907da0f7933b965ad25a00c021a491bf32b3f79d2c88582f44d2cd474024716d3d282f25def3dc739fa0eab19954e77f7597346c74c6e70fd0ac2bc57551e2cbb475b018618a7d14928c86989ad00177fc43639239257554f0c645452c45a362e191fc4d3cbe2144c73266627ac3264af7b06480d3d486f31f0f35f34d515b5f2b296d229cdca79638290d4bf4c4e99ce00349ea482544bab5ae7b7ba89accfbb876a1f985bafd9a787ecb76bc54ddee9688a7b95bb4ba8e67e4b62279b9ad3b35dcb7dc85df0bc357366ae399d6e7f773d5d17131b1c6d634603400067a05f688bef411110111101111011110111101111011110111101111011110111101704fb51f005570af6895f75a7b70a3b3dc243352c910c444e017b7c9a43ba2ef658378b55b2f3412505dedd4b70a493df82a616c8c77c5ae042a33e18cb1a736aedfcfee15a6a7adb136aaa243a98c6b181ae1bb56516430bd91c7feeed3d48cbdc3c9a3cbd57645ff00b29e0cb8d8bee9a1b4525918d9048d92dd4f1c4f0464609d3b82b51f1f762173b41a9ace1f115c281acd6d134e239da7a871c0691ea3e8be7389f0ccb4b4de3ad5358d43495754b430d3d346e70203a424eefc9d87cb9fd14c767d2d4d6ccd8d85a4435b1492e073c39c06fd33be429fe28e01770df67eee25b8cfdf5c2e14125552863ce9a6d21b839e4e77881f455ff66c06ae9ab24972f73aa638c93b9270f792b07913116998d4c6bfcc6ffd2dac758959f8928a3a6ab74ae91b3b1d0cd34e304fd9d8d21c1dab911a9dbe37c10aa6227cb1811b1dde1665ce031a59d3209e9fcb1e4b735cea28ebbb5cbfdb68e92036eb445050450003bb7301ef6705bc892e73c1f3d2ad1c5dd86dbebaa056586b7eee94b40969de0ba271f369e6df86e15f8bc36fcd6a63ebcbf5df6fcf6e22bcb5872fcf04916a26581ae1c8b73bfa8f25d85ecfb68fbafb33b6cd2c5136a6b19dfc8e67373493a327af8775afec5ecf723aeeda8e22bb4125230e5d1526732fa12e68016fba0a4a7a0a182869226c54f4f1b628983935ad1803e817ade19c1e4c779c992ba46992888bdc044440444404444044440444404444044440444404444044440444404444058b75a6fb65b2aa8f2077f0be3c9ff99a42ca45131b8d0e60edb2acc9d804929fef28eb67a177a09477ad1f269685ae7d96a3115afbf9760ebc39d9f48e9b255b3da36be3b570e71870e4c1cd6d4d453d4d20e8d7b657467e6e616aad7607108f832d6ce46a1f7394fc99a41fe15f29c4da2b8667d7a44fce3a7d1753acc2cdd84558e20ed06fb72c3bbab85da5a8d5d312cefd87ca55d70b957d8feccea5a5b377ed21cfa56ceff8bf53dbff0081abaa97a7e1169bf9b93fba63f4fb97393a6a04445ecab111101111011110111101111011110111101111011110111101111011110111566e7c495549348c86d8c9dad739ad26a1cd73b4b8b49c06103707aa98899ec89988599150eab8eae71464c7c36d7bbc8d5b80f99ee8aa7d7f697da0c35a5d1d8ac0da500fe1b9f50e793d3c5a40fe153c96f6473d7ddaff00daf29a26f12be0a8f76be8896fc74e1bfc512a6763ce0cfeced9a57e97b6dd2b24f36ba60e27e9a94ef6fb2f10f6986cf3c5414b66aaa163db5043df3b650482dc785a5b8f179fbcaa7c17c27c556bbec3739ebe8a6eec81a431ed38f45f3dc7f85e6bc5f923bceff35d8f257713b6ff00f672a5845655ba300c7047f678fd046d8d83ff0052ddeb9b3b1caee2de0efb4c2ea5b1d74352fd4f3dfcd1bbde79d8e8701ef792db949c67779f958689bf1b8bff00f656cf09e1afc2f0d14c9f8b73bfd7fd68c9316b6e177455982ff767eeeb4d081ff2d73c9fce20a4edd5d51533689a9a28838120b262edc63620b5be7ebc97a7b5693444404444044440444404444044440444404444044440444404444044440540bcb4bab27777b382e964d8f2187b86db72d95fd51efc1cdaf99a2a238c35eef0968f0e4eaf3ebab3fbcadc5dd5e4ecae5644ec1fc79be83f455abb4648762577cda3f456bab1260e2a62ff0028fd5572ecd970ef131df2e5f9ad10a6551ab8dc1c7327e43f45f34ac21c3c5d7a059354d7ea270d3ea33faaf9a70e0478437eaabc8b289cb534878f13be0397c95c2d23c23c737d154ed40ead863d3c95b2d7af0dc4ed1fb8b2caf84fd337fea4ea62cc0fdad9e29b3a5c4eaf748f0fe79231e85ca1e98bb1bd433fc814d59326a9bf8a1f88df90063192cc7f23f4484a711114b91111011110111101111011110111101111011110111101111011110153788987ef1a8fc2888d600ff2b4efb7aab92a7f11b47dbea331cae25e1d96e40f71831cfd3f35663fc4e3276576ad8707f063cfcbf455cbbb5b87663c7c30ac9551b707f066fa9fd556eed1801f86ca3eab4c28556ac33511a483f25f14c199d83be785eb560e719763cb75f14e0ea19712abbf6774582d3b118070ae1690ed2df0b553ad4df16e33f3e6adb6a6374b7f09df55965a2162a71263dd629ab30777d9706801aee5e64b79fd063e6a0a998d007fbbbbebff00ca9db0b407c9889cc3ddb373d7c4f48130888a5022220222202222022220222202222022220222202222022220222202abf14340ad71d6f682c61c01b672e1f5d87d02b428dbcd11aaa73dd8fc56e00e5bb4b8170df6cedb72dfa804aeab3a97368dc28b545b877e2955bbb38788091a4e391014fd799e324480b4f3dd983ffe8e442aedce4383ab0b5c33ab35ae19ce59f1c2f181c0386748f805ed5d2004eecce7ab961b266877bd1fc9cb8c91d1dd165b4b9a5d80797303a2b7da9ccd2dfc53cbcf9ad7d6f9c6461cdf4d82b3db2a1dd0ff000b56496885da99cc23fbc77c9cac363034cae0e73bdd69cf4db57f2703f3550b2b6aaaa56c71b49d59c1d0d0361cc9e806d93be323624806f74900a78b4025c49c971e64ff00f7603a0002412c844452811110111101111011110111101111011110111101111011110111101111045dc2cb6faf90c9530c85c4ee6399f1e7a6fa48c9c00375832f0670ecbb49493bbe35b37f5ab12298b4c7aa39615393b3ce1193deb64aef8d6cff00d6be3fd9a705ff00d9327fdfa7feb56f44e69f7350a9c7d9d70847ee5b266fc2ba7feb5911f0570e45fddd2d5b7e15f51fd6ac88a12c2b65ba92dd118e9222d07de739ee7b8e3964b8927eab3511011110111101111011110111101111011110111101111011110111101111011110111101111011110111101111011110111101111011110111101111011110111101111011110111101111011110111101111011110111101111011110111101111011110111107fffd9, 3);

-- --------------------------------------------------------

--
-- Table structure for table `role`
--

CREATE TABLE `role` (
                        `role_id` int(11) NOT NULL,
                        `role_type` varchar(50) DEFAULT NULL
) ENGINE=InnoDB DEFAULT CHARSET=latin1 COLLATE=latin1_swedish_ci;

--
-- Dumping data for table `role`
--

INSERT INTO `role` (`role_id`, `role_type`) VALUES
                                                (1, 'client'),
                                                (2, 'admin');

-- --------------------------------------------------------

--
-- Table structure for table `users`
--

CREATE TABLE `users` (
                         `user_id` int(11) NOT NULL,
                         `first_name` varchar(255) DEFAULT NULL,
                         `last_name` varchar(255) DEFAULT NULL,
                         `email` varchar(255) DEFAULT NULL,
                         `password` varchar(255) DEFAULT NULL,
                         `adresse` varchar(255) DEFAULT NULL,
                         `role_id` int(11) DEFAULT NULL
) ENGINE=InnoDB DEFAULT CHARSET=latin1 COLLATE=latin1_swedish_ci;

--
-- Dumping data for table `users`
--

INSERT INTO `users` (`user_id`, `first_name`, `last_name`, `email`, `password`, `adresse`, `role_id`) VALUES
                                                                                                          (67, 'aymane', 'el maini', 'elmainiaymane03@gmail.com', '$2y$12$Ogp0j3TiT.d2X80vc0tQ8ucZL9nNb8wen6pqyrkDZeT9xi3MkDvpu', 'safi marrakech', 2),
                                                                                                          (68, 'aya', 'elghayour', 'aya@gmail.com', '$2y$12$eRrl654ejoSx/PEWuODgmeTtOvLYFRzjqrupvoRNDp3vyEUpYuCzC', 'aya marrakech', 2),
                                                                                                          (69, 'Violet', 'Erica', 'dimaxa@mailinator.com', '$2y$12$6f7r.D9KE49bpK/nssOX5uf6F2BbKAU1fHUuMJiS/oBenvL8.3Mde', 'lyhideqow@mailinator.com', 2),
                                                                                                          (70, 'noura', 'noura', 'noura@gmail.com', '$2y$12$XqWnUjJKLybI7Ku99u2jNu9TDpFMAfuDJM5ub9eOKgUN3djUZExL.', 'sdflsdfjl lkjlk', 1),
                                                                                                          (71, 'yassine', 'elmiri', 'yassine@gmail.com', '$2y$12$AswbweldzZ2dp6IKbGmjMeYToi6AY3uUQxxx6bisIZYSlNUL3lxFy', 'yassine ', 2),
                                                                                                          (72, 'Kasper', 'Keely', 'sedugeg@mailinator.com', '$2y$12$JD/.qObIqKRZK4ZLfWo/IOuAmH3sx9menj49XG/qwT3lht.r7SglC', 'jogicyjal@mailinator.com', 1),
                                                                                                          (73, 'anwar', 'azjdlfj', 'anwar@gmail.com', '$2y$12$McALPMFwGzL7Ui7gTKxqB.juMpiGs2umCSTP3tZj47/rQchMeSGAu', 'jflksf skfjl', 2),
                                                                                                          (74, 'Dominique', 'Palmer', 'xoremow@mailinator.com', '$2y$12$3ngBV2k.186TVjs8UvLczuQkhohMNdfFKoBatRjAPmWwhvv.ryH8G', 'poryfer@mailinator.com', 1),
                                                                                                          (75, 'newadmin', 'lasname', 'newadmin@gmail.com', '$2y$12$EA3UfmI74.VKSH4tyTMjWOLv7rPV7C7wHuJEmzHokCVrLybYqtD6G', 'main main', 2),
                                                                                                          (76, 'soufiane', 'lsoufiane', 'soufiane@gmail.com', '$2y$12$Zn6PlKw2JKo9MTR1lZ/YaerX.Y0sIiHQBO5N9CCbxoQVZ4Y.hQ/Ie', 'marrakech mbrouka', 1),
                                                                                                          (77, 'Aquila', 'Susan', 'superadmin@gmail.com', '$2y$12$w884ejRUi.keAigq4ubcCeS1UQWD0wgnw0III4bqnsD3S/tAtbVwi', 'myhyfoc@mailinator.com', 1),
                                                                                                          (78, 'achraf ', 'achraf', 'achraf@gmail.com', '$2y$12$611aTH30irZ8jq3BIYw/0eKicKwJLnMHceh2jRUhN16/Iw.re6r32', 'achraf', 1),
                                                                                                          (79, 'asmae', 'asmae', 'asmae@gmail.com', '$2y$12$hk.wQ1kj6yBqrOeuPwpBsOS32ErAZNjg1A1rQUa6sbgG6Piwdq4qu', 'asmae@gmail.com', 1),
                                                                                                          (80, 'anouar', 'anouar', 'anouar@gmail.com', '$2y$12$Wcgoy9YWt5D.keAem80erOZADg6kXpdYhhxz/CAiP2hQkDiMumZ2G', 'hd jsh', 1),
                                                                                                          (81, 'soufiane', 'bouanai ', 'bouanani@gmail.com', '$2y$12$J2joGVJgVACV4uUslZg.5.rnrUpUmlreWv46pqiXK0XxRMUlwW4za', 'bouanani@gmail.com', 1),
                                                                                                          (82, 'ahmed', 'aya', 'ahmed@gmail.com', '$2y$12$TSnaHOikjHZGoPqB2ROfY.syN6rhO8Hekq5/f0tK2ahcRD9xDXoiy', 'safi marrakech', 1),
                                                                                                          (83, 'rayane', 'fiach', 'rayane@gmail.com', '$2y$12$vU8i8pm91i/c3DouTMDFkOZa.Zxyfb2dpOSkawOxwg/iVQ7HdixVa', 'rayane station', 1),
                                                                                                          (84, 'imad', 'imad', 'imad@gmail.com', '$2y$12$LB8vkeFNnWXgfQrbfjzpC.jPZaNnvOfPnxY3Su0U6FY3.x4WEamTy', 'imad@gmail.com', 1),
                                                                                                          (85, 'abdel', 'abdel', 'abdel@gmail.com', '$2y$12$AADim6Mlg1LI1eTmpRkcC.6QToz8g8OQ2OUoMLhUqK1voN4lUyNWW', 'abdel', 1),
                                                                                                          (86, 'dani', 'krossing', 'dani@gmail.com', '$2y$12$gfEjtpt4bVA4ULEF5qa.MespSELlKsQmSu18imCHtRKGmO2ZoFEki', 'dani home', 1),
                                                                                                          (87, 'Robert', 'Leandra', 'test@gamil.com', '$2y$12$3v3WnjTIOrKHpFjFs08LcOT8.gAmA3FowngVeiP/2fSq8E2eOvV.a', 'conisuhek@mailinator.com', 1),
                                                                                                          (88, 'anwar', 'belhadd', 'anwar@gmail.com', '$2y$12$E8ayhX87G.ieTRW8XeomIeXcg6TIq.lqrtmUQrj65X9G5/2vL78oa', 'ifidskjfhs', 1),
                                                                                                          (89, 'aymane', 'el maini', 'anwarb@gmail.com', '$2y$12$3W//nRwaN7T7lZX5jiSDZ.pHvKOZXdGw1kCwULs66y06zNXikLX4e', 'lkdshkh', 1),
                                                                                                          (90, 'user', 'user', 'user@gmail.com', '$2y$12$P1s1Zx.BWVvz9SiTKBs.2OLN5qLUbRhLPmHIHC9DbTKEClgiNKPqq', 'user', 1),
                                                                                                          (91, 'client', 'client ', 'client@gmail.com', '$2y$12$DOKUNZO6huoMI4h.yLS8lu/87dL7.3usf84WRp8NyG8cECQ9POR0q', 'client', 1),
                                                                                                          (92, 'Danielle', 'krossing', 'dani@gmail.com', '$2y$12$O.LwwW/Topwpv0vORFR/puhqb7qi3e7/zxlphwqE74XRtJdDcZf/u', 'home', 1),
                                                                                                          (93, 'aymane', 'el maini', 'si2@gmail.com', '$2y$12$8uqCHtVViYQqBDG02TG.7.ney4SSoBRiL34D3D431DY2At8S6FVXa', '104 RUE', 2),
                                                                                                          (94, 'ilyas', 'ilyas', 'ilyas1@gmail.com', '$2y$12$bf8pcKPQtIM0JKBq0za4z.pOxevFxqjIwAVKIEYP2ABVhPEP8sdzm', 'safi marrakech', 1),
                                                                                                          (95, 'admin', 'admin', 'admin1@gmail.com', '$2y$12$3zc70mShbmchFXxdmXegiOHxpLwhTOulShCKFiOevo6V4FEgGnp2O', 'home', 2),
                                                                                                          (96, 'bro', 'code', 'bro@gmail.com', '$2y$12$g9DwNbW8xSkqYJivbsIYRem8TyD7ij1ZljFCsTPken.8mNDOc87ju', '123', 2),
                                                                                                          (97, 'imade', 'imade', 'imade@gmail.com', '$2y$12$CXmrMbhv.ghiChBzu7KdLeHPnpZ6v0Wy4806TBTriF8VttHduPfGe', '123', 2),
                                                                                                          (98, 'imad', 'bouderoua', 'i@gmail.com', '$2y$12$SCY/xB3OGR8K80aXPUAbD.djN3SuHSEXfkydVNTAjH/NotFmbEPh.', 'i@gmail.com', 1),
                                                                                                          (99, 'imad', 'imad', 'im@gmail.com', '$2y$12$qGAaA6hEINrLVz835qwIten9hTw1HsNW/VhGHvLEMAKmkIyY1jiPq', 'im@gmail.com', 1),
                                                                                                          (100, 'oumaima ', 'takrour', 'o1@gmail.com', '$2y$12$pJ59qp5upT3i4v9Do5GaneoxTBHjdzwm1AQWhWRcfF7d0SfEmLVYS', 'home', 1);

--
-- Indexes for dumped tables
--

--
-- Indexes for table `carts`
--
ALTER TABLE `carts`
    ADD PRIMARY KEY (`cart_id`),
    ADD KEY `plant_fk` (`plant_fk`),
    ADD KEY `users_fk` (`users_fk`);

--
-- Indexes for table `cart_plant`
--
ALTER TABLE `cart_plant`
    ADD PRIMARY KEY (`cart_id`,`plant_id`),
    ADD KEY `cart_plant_ibfk_2` (`plant_id`);

--
-- Indexes for table `category`
--
ALTER TABLE `category`
    ADD PRIMARY KEY (`category_id`);

--
-- Indexes for table `orders`
--
ALTER TABLE `orders`
    ADD PRIMARY KEY (`order_id`);

--
-- Indexes for table `plant`
--
ALTER TABLE `plant`
    ADD PRIMARY KEY (`plant_id`),
    ADD KEY `category_id` (`category_id`);

--
-- Indexes for table `role`
--
ALTER TABLE `role`
    ADD PRIMARY KEY (`role_id`);

--
-- Indexes for table `users`
--
ALTER TABLE `users`
    ADD PRIMARY KEY (`user_id`),
    ADD KEY `users_ibfk_1` (`role_id`);

--
-- AUTO_INCREMENT for dumped tables
--

--
-- AUTO_INCREMENT for table `carts`
--
ALTER TABLE `carts`
    MODIFY `cart_id` int(11) NOT NULL AUTO_INCREMENT, AUTO_INCREMENT=37;

--
-- AUTO_INCREMENT for table `category`
--
ALTER TABLE `category`
    MODIFY `category_id` int(11) NOT NULL AUTO_INCREMENT, AUTO_INCREMENT=15;

ALTER TABLE `orders`
    MODIFY `order_id` int(11) NOT NULL AUTO_INCREMENT, AUTO_INCREMENT=12;

ALTER TABLE `plant`
    MODIFY `plant_id` int(11) NOT NULL AUTO_INCREMENT, AUTO_INCREMENT=21;

ALTER TABLE `role`
    MODIFY `role_id` int(11) NOT NULL AUTO_INCREMENT, AUTO_INCREMENT=3;

ALTER TABLE `users`
    MODIFY `user_id` int(11) NOT NULL AUTO_INCREMENT, AUTO_INCREMENT=101;

ALTER TABLE `carts`
    ADD CONSTRAINT `carts_ibfk_3` FOREIGN KEY (`users_fk`) REFERENCES `users` (`user_id`);

ALTER TABLE `cart_plant`
    ADD CONSTRAINT `cart_id_fk` FOREIGN KEY (`cart_id`) REFERENCES `carts` (`cart_id`),
    ADD CONSTRAINT `cart_plant_ibfk_2` FOREIGN KEY (`plant_id`) REFERENCES `plant` (`plant_id`) ON DELETE CASCADE ON UPDATE CASCADE;


ALTER TABLE `plant`
    ADD CONSTRAINT `plant_ibfk_1` FOREIGN KEY (`category_id`) REFERENCES `category` (`category_id`);

ALTER TABLE `users`
    ADD CONSTRAINT `users_ibfk_1` FOREIGN KEY (`role_id`) REFERENCES `role` (`role_id`) ON DELETE CASCADE ON UPDATE CASCADE;
COMMIT;

/*!40101 SET CHARACTER_SET_CLIENT=@OLD_CHARACTER_SET_CLIENT */;
/*!40101 SET CHARACTER_SET_RESULTS=@OLD_CHARACTER_SET_RESULTS */;
/*!40101 SET COLLATION_CONNECTION=@OLD_COLLATION_CONNECTION */;
